"address","category","cuisine/0","cuisine/1","cuisine/2","cuisine/3","cuisine/4","cuisine/5","cuisine/6","cuisine/7","cuisine/8","dietaryRestrictions/0","dietaryRestrictions/1","dietaryRestrictions/2","dietaryRestrictions/3","email","hotelClass","hotelClassAttribution","hours/0/0/close","hours/0/0/open","hours/0/1/close","hours/0/1/open","hours/1/0/close","hours/1/0/open","hours/1/1/close","hours/1/1/open","hours/2/0/close","hours/2/0/open","hours/2/1/close","hours/2/1/open","hours/3/0/close","hours/3/0/open","hours/3/1/close","hours/3/1/open","hours/4/0/close","hours/4/0/open","hours/4/1/close","hours/4/1/open","hours/5/0/close","hours/5/0/open","hours/5/1/close","hours/5/1/open","hours/6/0/close","hours/6/0/open","hours/6/1/close","hours/6/1/open","id","image","isClosed","isLongClosed","latitude","longitude","name","numberOfReviews","numberOfRooms","phone","priceLevel","priceRange","rankingDenominator","rankingPosition","rankingString","rating","type","webUrl","website"
"Jln. Soekarno Hatta No. 28, Balikpapan 76125 Indonesia","hotel",,,,,,,,,,,,,,"infobpn@platinumhotelindonesia.com","4.0","This property is classified according to Giata.",,,,,,,,,,,,,,,,,,,,,,,,,,,,,"9709578","https://media-cdn.tripadvisor.com/media/photo-o/12/54/75/49/platinum-hotel-convention.jpg",,,"-1.240969","116.83813","Platinum Hotel & Convention Hall Balikpapan","409","200","+62 542 8830228","$","$48 - $71","122","1","#1 of 122 hotels in Balikpapan","4.5","HOTEL","https://www.tripadvisor.com/Hotel_Review-g317100-d9709578-Reviews-Platinum_Hotel_Convention_Hall_Balikpapan-Balikpapan_East_Kalimantan_Kalimantan.html","http://platinumhotelindonesia.com/"
"Jl. Mayjen Sutoyo no. 67, Balikpapan 76122 Indonesia","hotel",,,,,,,,,,,,,,"balikpapaninfo@neohotels.com","3.0","This property is classified according to Giata.",,,,,,,,,,,,,,,,,,,,,,,,,,,,,"11911745","https://media-cdn.tripadvisor.com/media/photo-o/0e/0d/03/a1/neo-balikpapan-deluxe.jpg",,,"-1.262808","116.84035","Hotel Neo+ Balikpapan","102","101","+62 542 8515000","$","$31 - $38","122","9","#9 of 122 hotels in Balikpapan","4","HOTEL","https://www.tripadvisor.com/Hotel_Review-g317100-d11911745-Reviews-Hotel_Neo_Balikpapan-Balikpapan_East_Kalimantan_Kalimantan.html","http://www.neohotels.com/en/location/overview/63/Hotel-NEO--Balikpapan"
"Jl. MT. Haryono no. 78 Daerah DAM, Belakang Hanking Donat, Balikpapan 76114 Indonesia","hotel",,,,,,,,,,,,,,"Balikpapaninfo@favehotels.com","0.0",,,,,,,,,,,,,,,,,,,,,,,,,,,,,,"3853695","https://media-cdn.tripadvisor.com/media/photo-o/03/78/c5/1c/getlstd-property-photo.jpg",,,"-1.266061","116.85731","favehotel MT. Haryono","351","112","+62 542 7585999","$","$29 - $31","122","5","#5 of 122 hotels in Balikpapan","4","HOTEL","https://www.tripadvisor.com/Hotel_Review-g317100-d3853695-Reviews-Favehotel_MT_Haryono-Balikpapan_East_Kalimantan_Kalimantan.html","https://www.favehotels.com/en/hotel/view/38/favehotel-m-t--haryono"
"Jalan Jenderal Sudirman Balikpapan Ocean Square, Pasar Baru, Balikpapan 76113 Indonesia","hotel",,,,,,,,,,,,,,"resvsbbk@swiss-belhotel.com","4.0","This property is classified according to Giata.",,,,,,,,,,,,,,,,,,,,,,,,,,,,,"4994697","https://media-cdn.tripadvisor.com/media/photo-o/29/30/5d/cb/bedroom.jpg",,,"-1.277759","116.841034","Swiss-Belhotel Balikpapan","477","230","+62 542 7582800","$","$40 - $49","122","4","#4 of 122 hotels in Balikpapan","4","HOTEL","https://www.tripadvisor.com/Hotel_Review-g317100-d4994697-Reviews-Swiss_Belhotel_Balikpapan-Balikpapan_East_Kalimantan_Kalimantan.html","https://www.swiss-belhotel.com/en-gb/swiss-belhotel-balikpapan"
"Jln. Marsma Iswahyadi No. 21, Balikpapan 76115 Indonesia","hotel",,,,,,,,,,,,,,"reservation.balikpapan@grandtjokro.com","4.0","This property is classified according to Giata.",,,,,,,,,,,,,,,,,,,,,,,,,,,,,"9455339","https://media-cdn.tripadvisor.com/media/photo-o/0a/96/1c/bd/grand-tjokro-balikpapan.jpg",,,"-1.262442","116.89375","Grand Tjokro Balikpapan","130","148","+62 542 8521111","$","$32 - $41","122","10","#10 of 122 hotels in Balikpapan","4","HOTEL","https://www.tripadvisor.com/Hotel_Review-g317100-d9455339-Reviews-Grand_Tjokro_Balikpapan-Balikpapan_East_Kalimantan_Kalimantan.html","http://grandtjokro.com/balikpapan/"
"Jl. Jend. Sudirman no. 7 Grand Sudirman Balikpapan, Balikpapan 76114 Indonesia","hotel",,,,,,,,,,,,,,"reservation@gtbalikpapan.com","4.0","This property is classified according to Giata.",,,,,,,,,,,,,,,,,,,,,,,,,,,,,"1566319","https://media-cdn.tripadvisor.com/media/photo-o/1b/99/7c/ba/golden-tulip-balikpapan.jpg",,,"-1.276928","116.84537","Golden Tulip Balikpapan Hotel & Suites","643","155","+62 542 733999","$","$46 - $57","122","8","#8 of 122 hotels in Balikpapan","3.5","HOTEL","https://www.tripadvisor.com/Hotel_Review-g317100-d1566319-Reviews-Golden_Tulip_Balikpapan_Hotel_Suites-Balikpapan_East_Kalimantan_Kalimantan.html","http://www.goldentulipbalikpapan.com"
"Jl. Pelita No. 19 Sepinggan Raya, Balikpapan Selatan, Balikpapan 76115 Indonesia","hotel",,,,,,,,,,,,,,"risco.sianturi@fourpoints.com","4.0","This property is classified according to Giata.",,,,,,,,,,,,,,,,,,,,,,,,,,,,,"17596271","https://media-cdn.tripadvisor.com/media/photo-o/29/29/ce/b4/exterior.jpg",,,"-1.256732","116.9002","Four Points by Sheraton Balikpapan","129","138","011625428525888","$","$53 - $72","122","2","#2 of 122 hotels in Balikpapan","5","HOTEL","https://www.tripadvisor.com/Hotel_Review-g317100-d17596271-Reviews-Four_Points_by_Sheraton_Balikpapan-Balikpapan_East_Kalimantan_Kalimantan.html","https://www.marriott.com/hotels/travel/bpnfp-four-points-balikpapan/?scid=45f93f1b-bd77-45c9-8dab-83b6a417f6fe&y_source=1_MTMyMTE4OTUtNzY5LWxvY2F0aW9uLndlYnNpdGU%3D"
"Jl. Jenderal Sudirman no. 47 Balikpapan Superblock, Balikpapan 76112 Indonesia","hotel",,,,,,,,,,,,,,"reservation@jatrahotelbalikpapan.com","4.0","This property is classified according to Giata.",,,,,,,,,,,,,,,,,,,,,,,,,,,,,"1953153","https://media-cdn.tripadvisor.com/media/photo-o/07/ba/79/50/grand-jatra-hotel.jpg",,,"-1.273157","116.8594","Grand Jatra Hotel Balikpapan","415","215","+62 542 7213888","$","$62 - $74","122","7","#7 of 122 hotels in Balikpapan","4","HOTEL","https://www.tripadvisor.com/Hotel_Review-g317100-d1953153-Reviews-Grand_Jatra_Hotel_Balikpapan-Balikpapan_East_Kalimantan_Kalimantan.html","http://www.jatrahotels.com/grandjatra-balikpapan/"
"Jl. Letjen Suprapto no. 1, Balikpapan 76131 Indonesia","hotel",,,,,,,,,,,,,,"info@blueskygroups.com","4.0","This property is classified according to Giata.",,,,,,,,,,,,,,,,,,,,,,,,,,,,,"1746523","https://media-cdn.tripadvisor.com/media/photo-o/22/52/3f/53/executive-suite-double.jpg",,,"-1.2384","116.8273","Blue Sky Hotel","220","170","01162542735845","$","$38 - $45","122","3","#3 of 122 hotels in Balikpapan","4","HOTEL","https://www.tripadvisor.com/Hotel_Review-g317100-d1746523-Reviews-Blue_Sky_Hotel-Balikpapan_East_Kalimantan_Kalimantan.html","https://www.blue-sky.co.id/"
"Jl. Brigjen Eri Suparjan no. 2, Balikpapan 76112 Indonesia","hotel",,,,,,,,,,,,,,"reservation@novotelbalikpapan.com","5.0","This property is classified according to Accor Hotels.",,,,,,,,,,,,,,,,,,,,,,,,,,,,,"634383","https://media-cdn.tripadvisor.com/media/photo-o/23/b0/bf/b2/exterior-view.jpg",,,"-1.275863","116.83478","Novotel Balikpapan","632","198","+62 542 733111","$","$46 - $52","122","6","#6 of 122 hotels in Balikpapan","3.5","HOTEL","https://www.tripadvisor.com/Hotel_Review-g317100-d634383-Reviews-Novotel_Balikpapan-Balikpapan_East_Kalimantan_Kalimantan.html","http://www.accorhotels.com/gb/hotel-6445-novotel-balikpapan/index.shtml"
"Jl. Jenderal Ahmad Yani, No. 33 Gunungsari Ilir, Balikpapan 76121 Indonesia","hotel",,,,,,,,,,,,,,"Hotel@HotelPacificBalikpapan.Com","3.0","This property is classified according to Giata.",,,,,,,,,,,,,,,,,,,,,,,,,,,,,"1829885","https://media-cdn.tripadvisor.com/media/photo-o/0b/47/7b/93/photo0jpg.jpg",,,"-1.27097","116.83873","Hotel Pacific","50","32","+62 542 750888","$","$22 - $24","53","1","#1 of 53 B&Bs / Inns in Balikpapan","3.5","HOTEL","https://www.tripadvisor.com/Hotel_Review-g317100-d1829885-Reviews-Hotel_Pacific-Balikpapan_East_Kalimantan_Kalimantan.html","https://www.facebook.com/pacificbalikpapan/"
"Jln. Jendral Sudirman no. 81, Balikpapan 76114 Indonesia","hotel",,,,,,,,,,,,,,"rsvzurichhotel@gmail.com","3.0","This property is classified according to Giata.",,,,,,,,,,,,,,,,,,,,,,,,,,,,,"1932145","https://media-cdn.tripadvisor.com/media/photo-o/01/b5/26/4d/zurich-hotel-main-entrance.jpg",,,"-1.277582","116.82743","Zurich Hotel Balikpapan","95","111","+62 542 760985","$","$23 - $29","122","21","#21 of 122 hotels in Balikpapan","3.5","HOTEL","https://www.tripadvisor.com/Hotel_Review-g317100-d1932145-Reviews-Zurich_Hotel_Balikpapan-Balikpapan_East_Kalimantan_Kalimantan.html",
"Balikpapan Superblock. Jl. Jend Sudirman No. 47 Pentacity Shopping Venue, Balikpapan 76114 Indonesia","hotel",,,,,,,,,,,,,,"info.astara-bpn@jatrahotels.com","4.0","This property is classified according to Giata.",,,,,,,,,,,,,,,,,,,,,,,,,,,,,"12526303","https://media-cdn.tripadvisor.com/media/photo-o/14/f9/37/37/astara-hotel-balikpapan.jpg",,,"-1.274554","116.857","Astara Hotel Balikpapan","68","156","+62 542 8524888","$","$51 - $62","122","22","#22 of 122 hotels in Balikpapan","3.5","HOTEL","https://www.tripadvisor.com/Hotel_Review-g317100-d12526303-Reviews-Astara_Hotel_Balikpapan-Balikpapan_East_Kalimantan_Kalimantan.html","http://www.jatrahotels.com/astara-balikpapan"
"Jl. Ars, Muhammad RT. 27 no. 32, Balikpapan 76113 Indonesia","hotel",,,,,,,,,,,,,,"megalestarihotel@yahoo.com","3.0","This property is classified according to Giata.",,,,,,,,,,,,,,,,,,,,,,,,,,,,,"1633284","https://media-cdn.tripadvisor.com/media/photo-s/02/f0/cd/86/hotel-mega-lestari.jpg",,,"-1.275833","116.83361","Hotel Mega Lestari","34","108","+62 542 411811","$","$20 - $22","122","24","#24 of 122 hotels in Balikpapan","3.5","HOTEL","https://www.tripadvisor.com/Hotel_Review-g317100-d1633284-Reviews-Hotel_Mega_Lestari-Balikpapan_East_Kalimantan_Kalimantan.html","http://www.hotelmegalestari.com/"
"Jl Jenderal Sudirman No 2, Klandasan Ilir, Balikpapan 76113 Indonesia","hotel",,,,,,,,,,,,,,"talistings@oyorooms.com","3.0","This property is classified according to Giata.",,,,,,,,,,,,,,,,,,,,,,,,,,,,,"673617","https://media-cdn.tripadvisor.com/media/photo-o/09/d2/fb/d6/adika-hotel-bahtera.jpg",,,"1.276861","116.838715","Capital O 1735 Adika Bahtera Hotel","64","159","+62 811-548-010","$","$29 - $56","122","20","#20 of 122 hotels in Balikpapan","3.5","HOTEL","https://www.tripadvisor.com/Hotel_Review-g317100-d673617-Reviews-Capital_O_1735_Adika_Bahtera_Hotel-Balikpapan_East_Kalimantan_Kalimantan.html","http://www.oyorooms.com/83403?utm_source=tripadvisor&utm_medium=listing&utm_campaign=ID_BPN017"
"Jln. Jendral Sudirman 2, Balikpapan 76113 Indonesia","hotel",,,,,,,,,,,,,,"bahterabpn@bahterahotel.com","4.0","This property is classified according to Giata.",,,,,,,,,,,,,,,,,,,,,,,,,,,,,"3474369","https://media-cdn.tripadvisor.com/media/photo-o/07/08/40/c0/hotel-menara-bahtera.jpg",,,"-1.275742","116.839195","Hotel Menara Bahtera","79","188","+62 542 738000","$","$25 - $30","122","17","#17 of 122 hotels in Balikpapan","3.5","HOTEL","https://www.tripadvisor.com/Hotel_Review-g317100-d3474369-Reviews-Hotel_Menara_Bahtera-Balikpapan_East_Kalimantan_Kalimantan.html","http://www.bahterahotel.com"
"Jl. Jend. Sudirman 79 Damai, Balikpapan 76114 Indonesia","hotel",,,,,,,,,,,,,,"info.bpn@midtownindonesia.com","3.0","This property is classified according to Giata.",,,,,,,,,,,,,,,,,,,,,,,,,,,,,"13960965","https://media-cdn.tripadvisor.com/media/photo-o/28/4c/36/42/midtown-xpress-balikpapan.jpg",,,"-1.269881","116.85805","Midtown Xpress Balikpapan","20","50","+62 542 8525001","$","$24 - $27","122","18","#18 of 122 hotels in Balikpapan","4.5","HOTEL","https://www.tripadvisor.com/Hotel_Review-g317100-d13960965-Reviews-Midtown_Xpress_Balikpapan-Balikpapan_East_Kalimantan_Kalimantan.html","https://www.midtown.id/xpress-balikpapan"
"Jln. Eri Suparjan I No 2, Balikpapan 76112 Indonesia","hotel",,,,,,,,,,,,,,"info@ibisbalikpapan.com","3.0","This property is classified according to Accor Hotels.",,,,,,,,,,,,,,,,,,,,,,,,,,,,,"3360180","https://media-cdn.tripadvisor.com/media/photo-o/25/91/c9/31/exterior.jpg",,,"-1.275141","116.834816","Ibis Balikpapan","244","155","+62 542 820821","$","$25 - $30","122","13","#13 of 122 hotels in Balikpapan","3.5","HOTEL","https://www.tripadvisor.com/Hotel_Review-g317100-d3360180-Reviews-Ibis_Balikpapan-Balikpapan_East_Kalimantan_Kalimantan.html","http://www.accorhotels.com/gb/hotel-7443-ibis-balikpapan/index.shtml"
"Jl. Jendral Sudirman, Balikpapan 76114 Indonesia","hotel",,,,,,,,,,,,,,"bpp@legrandeurhotels.com","4.0","This property is classified according to Giata.",,,,,,,,,,,,,,,,,,,,,,,,,,,,,"301015","https://media-cdn.tripadvisor.com/media/photo-o/03/1e/e5/aa/le-grandeur-balikpapan.jpg",,,"-1.273948","116.85252","Le Grandeur Balikpapan","261","185","+62 625 42420155","$$","$85 - $478","122","14","#14 of 122 hotels in Balikpapan","3.5","HOTEL","https://www.tripadvisor.com/Hotel_Review-g317100-d301015-Reviews-Le_Grandeur_Balikpapan-Balikpapan_East_Kalimantan_Kalimantan.html",
"Jl. Jend Sudirman no. 321, Balikpapan 76114 Indonesia","hotel",,,,,,,,,,,,,,"reservation.balikpapan@whizprime.com","3.0","This property is classified according to Giata.",,,,,,,,,,,,,,,,,,,,,,,,,,,,,"8042397","https://media-cdn.tripadvisor.com/media/photo-o/0f/8e/d3/67/standard-room.jpg",,,"-1.272224","116.85189","Whiz Prime Hotel Balikpapan","109","166","+62 812-5448-8890","$","$20 - $27","122","19","#19 of 122 hotels in Balikpapan","3.5","HOTEL","https://www.tripadvisor.com/Hotel_Review-g317100-d8042397-Reviews-Whiz_Prime_Hotel_Balikpapan-Balikpapan_East_Kalimantan_Kalimantan.html","http://www.whizprime.com/balikpapan"
"Jl. Jendral Sudirman Super Blok H11, Balikpapan 76114 Indonesia","hotel",,,,,,,,,,,,,,"BalikpapanInfo@quest-hotels.com","3.0","This property is classified according to Giata.",,,,,,,,,,,,,,,,,,,,,,,,,,,,,"7037896","https://media-cdn.tripadvisor.com/media/photo-o/08/2e/a8/10/quest-hotel-balikpapan.jpg",,,"-1.274024","116.85854","Quest Hotel Balikpapan","212","79","+62 542 7571881","$","$31 - $39","122","11","#11 of 122 hotels in Balikpapan","4","HOTEL","https://www.tripadvisor.com/Hotel_Review-g317100-d7037896-Reviews-Quest_Hotel_Balikpapan-Balikpapan_East_Kalimantan_Kalimantan.html","http://www.questhotels.com/eng/location/hotel/19-Quest-Balikpapan"
"Jl. Mayjend Sutoyo No.69 Klandasan Ilir, Balikpapan 76113 Indonesia","hotel",,,,,,,,,,,,,,"info.sagitabalikpapan@horisonhotels.com","3.0","This property is classified according to Giata.",,,,,,,,,,,,,,,,,,,,,,,,,,,,,"14000271","https://media-cdn.tripadvisor.com/media/photo-o/03/b3/ae/c5/hotel-sagita-balikpapan.jpg",,,"-1.270017","116.84436","Horison Sagita Balikpapan","52","98","+62 542 820300","$","$20 - $24","122","23","#23 of 122 hotels in Balikpapan","3.5","HOTEL","https://www.tripadvisor.com/Hotel_Review-g317100-d14000271-Reviews-Horison_Sagita_Balikpapan-Balikpapan_East_Kalimantan_Kalimantan.html","http://www.horison-group.com/hotels/36/Horison+Sagita+Balikpapan"
"Ruko Klandasan, Pasar Klandasan Ulu Hotel Grand Ompo, Balikpapan 76100 Indonesia","hotel",,,,,,,,,,,,,,,"0.0",,,,,,,,,,,,,,,,,,,,,,,,,,,,,,"23624236",,,,"-1.27803","116.83085","RedDoorz Plus @ Ruko Klandasan Ulu","0",,,,,,,,,"HOTEL","https://www.tripadvisor.com/Hotel_Review-g317100-d23624236-Reviews-RedDoorz_Plus_Ruko_Klandasan_Ulu-Balikpapan_East_Kalimantan_Kalimantan.html","https://www.reddoorz.com/id-id/hotel/indonesia/klandasan-ulu/jenderal-sudirman/jenderal-ahmad-yani/reddoorz-near-taman-bekapai?utm_campaign=webclick&utm_medium=mybusiness&utm_source=google"
"Gang Bukit Mutiara, Balikpapan 76114 Indonesia","hotel",,,,,,,,,,,,,,,"0.0",,,,,,,,,,,,,,,,,,,,,,,,,,,,,,"23341604",,,,"-1.26529","116.8501","Koening Residence 2","0",,,,,,,,,"HOTEL","https://www.tripadvisor.com/Hotel_Review-g317100-d23341604-Reviews-Koening_Residence_2-Balikpapan_East_Kalimantan_Kalimantan.html","http://www.reddoorz.com/en-id/hotel/Indonesia/siaga/balikpapan-selatan/balikpapan/koening-residence-2"
"Jl. A.R.S Mohammad 7, Balikpapan 76112 Indonesia","hotel",,,,,,,,,,,,,,"reservation@senyiurhotels.com","5.0","This property is classified according to Giata.",,,,,,,,,,,,,,,,,,,,,,,,,,,,,"1818614","https://media-cdn.tripadvisor.com/media/photo-o/0e/2d/07/64/gran-senyiur-balikpapan.jpg",,,"-1.273043","116.83338","Hotel Gran Senyiur","135","181","+62 812-5112-0011","$","$32 - $44","122","15","#15 of 122 hotels in Balikpapan","3.5","HOTEL","https://www.tripadvisor.com/Hotel_Review-g317100-d1818614-Reviews-Hotel_Gran_Senyiur-Balikpapan_East_Kalimantan_Kalimantan.html","http://gran.senyiurhotels.com/"
"Jalan Letjen Suprapto RT 28, 6, Balikpapan 76132 Indonesia","hotel",,,,,,,,,,,,,,,"0.0",,,,,,,,,,,,,,,,,,,,,,,,,,,,,,"23338359","https://media-cdn.tripadvisor.com/media/partner/bookingcom/photo-o/29/2d/c0/e2/caption.jpg",,,"-1.23259","116.8142","Mahkota Intan Syariah Balikpapan RedPartner","0","17",,"$","$10 - $12",,,,,"HOTEL","https://www.tripadvisor.com/Hotel_Review-g317100-d23338359-Reviews-Mahkota_Intan_Syariah_Balikpapan_RedPartner-Balikpapan_East_Kalimantan_Kalimantan.html","http://www.reddoorz.com/en-id/hotel/Indonesia/kampung-baru/balikpapan-utara/balikpapan/mahkota-intan-syariah-balikpapan"
"Jl. MT Haryono No. 2 Damai, Balikpapan 76114 Indonesia","hotel",,,,,,,,,,,,,,"reservation.maxonebalikpapan@gmail.com","3.0","This property is classified according to Giata.",,,,,,,,,,,,,,,,,,,,,,,,,,,,,"15146472","https://media-cdn.tripadvisor.com/media/photo-o/14/c5/c9/df/getlstd-property-photo.jpg",,,"-1.262288","116.85951","MaxOneHotels.com @Balikpapan","30","115","+62 542 8526888","$","$34 - $37","122","16","#16 of 122 hotels in Balikpapan","4","HOTEL","https://www.tripadvisor.com/Hotel_Review-g317100-d15146472-Reviews-MaxOneHotels_com_Balikpapan-Balikpapan_East_Kalimantan_Kalimantan.html","https://www.maxonebalikpapan.com/"
"Jln Soekarno-Hatta KM 2.5 No 35 B RT 82, Balikpapan 76126 Indonesia","hotel",,,,,,,,,,,,,,,"0.0",,,,,,,,,,,,,,,,,,,,,,,,,,,,,,"23518798","https://media-cdn.tripadvisor.com/media/partner/bookingcom/photo-o/28/f2/dd/29/caption.jpg",,,"-1.225548","116.84476","RedDoorz Near Mall Ramayana Rapak Balikpapan","0",,,"$","$11 - $14",,,,,"HOTEL","https://www.tripadvisor.com/Hotel_Review-g317100-d23518798-Reviews-RedDoorz_Near_Mall_Ramayana_Rapak_Balikpapan-Balikpapan_East_Kalimantan_Kalimantan.html","https://www.reddoorz.com/en-ph/hotel/indonesia/balikpapan/balikpapan-utara/reddoorz-near-mall-ramayana-rapak-balikpapan"
"Jl. A.W. Syahrani RT. 58 No. 62, Balikpapan 76136 Indonesia","hotel",,,,,,,,,,,,,,,"2.0","This property is classified according to Giata.",,,,,,,,,,,,,,,,,,,,,,,,,,,,,"21370914","https://media-cdn.tripadvisor.com/media/partner/bookingcom/photo-o/1c/5f/58/88/bedroom.jpg",,,"-1.217413","116.84133","OYO 3789 Bukit Somber Residence Syariah","0",,,"$","$10 - $12",,,,,"HOTEL","https://www.tripadvisor.com/Hotel_Review-g317100-d21370914-Reviews-OYO_3789_Bukit_Somber_Residence_Syariah-Balikpapan_East_Kalimantan_Kalimantan.html","https://www.oyorooms.com/id/103827-oyo-hotels-oyo-3789-bukit-somber-residence-syariah-balikpapan/"
"Jl. Jendral Sudirman no. 345 Sudirman Square, Balikpapan 76114 Indonesia","hotel",,,,,,,,,,,,,,"balikpapan-sibk@swiss-belhotel.com","3.0","This property is classified according to Giata.",,,,,,,,,,,,,,,,,,,,,,,,,,,,,"2545348","https://media-cdn.tripadvisor.com/media/photo-o/0a/e0/71/0b/deluxe-single-bed-room.jpg",,,"-1.271092","116.85275","Swiss-Belinn Balikpapan","208","96","+62 542 746180","$","$23 - $28","122","12","#12 of 122 hotels in Balikpapan","4","HOTEL","https://www.tripadvisor.com/Hotel_Review-g317100-d2545348-Reviews-Swiss_Belinn_Balikpapan-Balikpapan_East_Kalimantan_Kalimantan.html",
"Gg. PLN No.5, 6 Gn, Balikpapan 76114 Indonesia","hotel",,,,,,,,,,,,,,,"0.0",,,,,,,,,,,,,,,,,,,,,,,,,,,,,,"23191308",,,,"-1.245692","116.87492","Biru Rumahku 2","0",,"+62 822-1141-0651","$$$$","$336",,,,,"HOTEL","https://www.tripadvisor.com/Hotel_Review-g317100-d23191308-Reviews-Biru_Rumahku_2-Balikpapan_East_Kalimantan_Kalimantan.html",
"Jalan Sepinggan Baru 87, Balikpapan 76116 Indonesia","hotel",,,,,,,,,,,,,,,"2.0","This property is classified according to Giata.",,,,,,,,,,,,,,,,,,,,,,,,,,,,,"21302165","https://media-cdn.tripadvisor.com/media/partner/bookingcom/photo-o/1c/50/82/d0/propertybuilding.jpg",,,"-1.25327","116.9045","RedDoorz Syariah near Sepinggan Airport Balikpapan","0",,,"$","$17 - $21",,,,,"HOTEL","https://www.tripadvisor.com/Hotel_Review-g317100-d21302165-Reviews-RedDoorz_Syariah_near_Sepinggan_Airport_Balikpapan-Balikpapan_East_Kalimantan_Kaliman.html","http://www.reddoorz.com/en-id/hotel/Indonesia/balikpapan/sepinggan/reddoorz-near-sepinggan-airport-balikpapan"
"Jalan Markoni Atas No. 8 RT 46 Landasan Ilir, Balikpapan 76114 Indonesia","hotel",,,,,,,,,,,,,,,"0.0",,,,,,,,,,,,,,,,,,,,,,,,,,,,,,"21290948","https://media-cdn.tripadvisor.com/media/partner/bookingcom/photo-o/29/1a/66/15/caption.jpg",,,"-1.27239","116.8484","RedDoorz Near E Walk Mall Balikpapan","0",,,"$","$11 - $14",,,,,"HOTEL","https://www.tripadvisor.com/Hotel_Review-g317100-d21290948-Reviews-RedDoorz_Near_E_Walk_Mall_Balikpapan-Balikpapan_East_Kalimantan_Kalimantan.html","http://www.reddoorz.com/en-id/hotel/Indonesia/balikpapan/markoni/reddoorz-near-e-walk-mall-balikpapan"
"Jl. Marsma R. Iswahyudi, Gn. Bahagia, Balikpapan 76114 Indonesia","hotel",,,,,,,,,,,,,,,"0.0",,,,,,,,,,,,,,,,,,,,,,,,,,,,,,"21302136","https://media-cdn.tripadvisor.com/media/partner/bookingcom/photo-o/1c/50/82/70/5942549.jpg",,,"-1.26649","116.882","RedDoorz Plus near Sepinggan Airport 3","0",,,"$","$11 - $14",,,,,"HOTEL","https://www.tripadvisor.com/Hotel_Review-g317100-d21302136-Reviews-RedDoorz_Plus_near_Sepinggan_Airport_3-Balikpapan_East_Kalimantan_Kalimantan.html","https://www.reddoorz.com/en-vn/hotel/indonesia/balikpapan/balikpapan-selatan/reddoorz-plus-near-sepinggan-airport-3"
"78 Jl. Mt Haryono, Balikpapan 76114 Indonesia","hotel",,,,,,,,,,,,,,,"3.0","This property is classified according to Giata.",,,,,,,,,,,,,,,,,,,,,,,,,,,,,"21587082",,,,"-1.266032","116.85731","D'primahotel Balikpapan","2","112","+62 542 7585999","$","$22 - $25","122","25","#25 of 122 hotels in Balikpapan","5","HOTEL","https://www.tripadvisor.com/Hotel_Review-g317100-d21587082-Reviews-D_primahotel_Balikpapan-Balikpapan_East_Kalimantan_Kalimantan.html",
"Jl. H ARS. Muhammad no. 51, Balikpapan 76112 Indonesia","hotel",,,,,,,,,,,,,,"info@hotelgrandtigamustika.com","4.0","This property is classified according to Giata.",,,,,,,,,,,,,,,,,,,,,,,,,,,,,"2045381","https://media-cdn.tripadvisor.com/media/photo-o/0a/b3/36/71/photo2jpg.jpg",,,"-1.273232","116.832245","Grand Tiga Mustika Hotel","25","112","+62 542 733788","$","$34 - $38","122","30","#30 of 122 hotels in Balikpapan","3","HOTEL","https://www.tripadvisor.com/Hotel_Review-g317100-d2045381-Reviews-Grand_Tiga_Mustika_Hotel-Balikpapan_East_Kalimantan_Kalimantan.html","http://www.hotelgrandtigamustika.com/"
"Jl, Keruang, Gn Bahagia, Balikpapan 76114 Indonesia","hotel",,,,,,,,,,,,,,"talistings@oyorooms.com","0.0",,,,,,,,,,,,,,,,,,,,,,,,,,,,,,"18433526","https://media-cdn.tripadvisor.com/media/photo-o/19/23/6b/8d/oyo-1034-pondok-mulia.jpg",,,"1.244802","116.8804","OYO 1034 Pondok Mulia Guest House","0",,,"$","$10 - $12",,,,,"HOTEL","https://www.tripadvisor.com/Hotel_Review-g317100-d18433526-Reviews-OYO_1034_Pondok_Mulia_Guest_House-Balikpapan_East_Kalimantan_Kalimantan.html","http://www.oyorooms.com/60500?utm_source=tripadvisor&utm_medium=listing&utm_campaign=ID_BPN009"
"Jl. Mulawarman no. 6, RT. 5, Balikpapan Indonesia","hotel",,,,,,,,,,,,,,,"0.0",,,,,,,,,,,,,,,,,,,,,,,,,,,,,,"10844349","https://media-cdn.tripadvisor.com/media/photo-o/0f/b2/50/a9/1498562358455-largejpg.jpg",,,"-1.258016","116.91926","Pantai Mentari Compound","2",,,,,"122","28","#28 of 122 hotels in Balikpapan","5","HOTEL","https://www.tripadvisor.com/Hotel_Review-g317100-d10844349-Reviews-Pantai_Mentari_Compound-Balikpapan_East_Kalimantan_Kalimantan.html",
"Jl. Jenderal Ahmad Yani No. 01 Gunungsari Ilir, Balikpapan 76113 Indonesia","restaurant","Indonesian","Asian","Soups","Halal",,,,,,"Halal",,,,,,,,,,,,,,,,,,,,,,,,,,,,,,,,,,,"8858596","https://media-cdn.tripadvisor.com/media/photo-o/09/cf/7c/9d/soto-banjar-kuin-abdhu.jpg","false","false","-1.26875","116.83731","Soto Banjar Kuin Abdhu","39",,"+62 542 410954","$",,"185","8","#8 of 245 Restaurants in Balikpapan","4","RESTAURANT","https://www.tripadvisor.com/Restaurant_Review-g317100-d8858596-Reviews-Soto_Banjar_Kuin_Abdhu-Balikpapan_East_Kalimantan_Kalimantan.html",
"Jln. Jendral Sudirman Markoni, Sesudah Bakso & Mie Ayam Likmin, Balikpapan 76114 Indonesia","restaurant","Chinese","Asian","Indonesian",,,,,,,,,,,,,,,,,,,,,,,,,,,,,,,,,,,,,,,,,,"8513633","https://media-cdn.tripadvisor.com/media/photo-o/08/ee/7b/19/depot-simpang-empat.jpg","false","false","-1.27531","116.86555","Depot Simpang Empat","32",,,"$",,"185","9","#9 of 245 Restaurants in Balikpapan","4.5","RESTAURANT","https://www.tripadvisor.com/Restaurant_Review-g317100-d8513633-Reviews-Depot_Simpang_Empat-Balikpapan_East_Kalimantan_Kalimantan.html","http://dapurbalikpapan.blogspot.com/2012/01/depot-simpang-empat-kebun-sayur.html"
"Jl. Jenderal Ahmad Yani No. 1 Klandasan Ilir, Balikpapan 76113 Indonesia","restaurant","Seafood","Asian","Indonesian","Vegetarian Friendly",,,,,,"Vegetarian Friendly",,,,,,,,,,,,,,,,,,,,,,,,,,,,,,,,,,,"1076358","https://media-cdn.tripadvisor.com/media/photo-o/0a/d7/2a/19/photo5jpg.jpg","false","false","-1.273471","116.83863","Bondy Restaurant","141",,"+62 542 411150","$$ - $$$",,"185","5","#5 of 245 Restaurants in Balikpapan","4","RESTAURANT","https://www.tripadvisor.com/Restaurant_Review-g317100-d1076358-Reviews-Bondy_Restaurant-Balikpapan_East_Kalimantan_Kalimantan.html","http://www.facebook.com/Bondyseafood/"
"Jalan Iswahyudi no.4, Balikpapan Indonesia","restaurant","Seafood","Asian","Indonesian","Halal",,,,,,"Halal",,,,,,,,,,,,,,,,,,,,,,,,,,,,,,,,,,,"1522919","https://media-cdn.tripadvisor.com/media/photo-o/0d/60/76/78/mtf-ewhrc-526-largejpg.jpg","false","false","-1.267911","116.87801","Kepiting Kenari","261",,"+62 542 764018","$$ - $$$",,"185","3","#3 of 245 Restaurants in Balikpapan","4","RESTAURANT","https://www.tripadvisor.com/Restaurant_Review-g317100-d1522919-Reviews-Kepiting_Kenari-Balikpapan_East_Kalimantan_Kalimantan.html","http://www.facebook.com/pages/category/Diner/Kepiting-Kenari-Cabang-Tarakan-660487490778373/"
"Jln. H ARS. Muhammad 7 Gran Senyiur Hotel, 8th Floor, Balikpapan 76112 Indonesia","restaurant","Pub",,,,,,,,,,,,,,,,"1440","960",,,"1440","960",,,"1440","960",,,"1440","960",,,"1440","960",,,"1440","960",,,"1440","960",,,"6871098","https://media-cdn.tripadvisor.com/media/photo-o/06/72/64/86/sky-bar-gran-senyiur.jpg","false","false","-1.273225","116.83338","Sky Bar, Gran Senyiur Hotel","57",,"+62 542 820211","$$$$",,"185","10","#10 of 245 Restaurants in Balikpapan","4","RESTAURANT","https://www.tripadvisor.com/Restaurant_Review-g317100-d6871098-Reviews-Sky_Bar_Gran_Senyiur_Hotel-Balikpapan_East_Kalimantan_Kalimantan.html","http://gran.senyiurhotels.com/restaurants/sky-bar-2/"
"Jln. Jendral Sudirman Komplek Rukan Bandar Balikpapan Blok M 18, Balikpapan 76112 Indonesia","restaurant","Seafood","Asian","Indonesian","Vegetarian Friendly","Vegan Options","Halal","Gluten Free Options",,,"Vegetarian Friendly","Vegan Options","Halal","Gluten Free Options","oceans.resto@yahoo.com",,,"1560","600",,,"1560","600",,,"1560","600",,,"1560","600",,,"1560","600",,,"1560","600",,,"1560","600",,,"1367463","https://media-cdn.tripadvisor.com/media/photo-o/04/a2/67/a8/ocean-s.jpg","false","false","-1.278338","116.83527","Ocean's","587",,"+62 542 739439","$$ - $$$",,"185","1","#1 of 245 Restaurants in Balikpapan","4","RESTAURANT","https://www.tripadvisor.com/Restaurant_Review-g317100-d1367463-Reviews-Ocean_s-Balikpapan_East_Kalimantan_Kalimantan.html",
"Jl. Marsma Iswahyadi no. 71, Balikpapan 76114 Indonesia","restaurant","Seafood","Asian","Indonesian","Halal",,,,,,"Halal",,,,"restaurant_dandito@yahoo.co.id",,,"1320","360",,,"1320","360",,,"1320","360",,,"1320","360",,,"1320","360",,,"1320","360",,,"1320","360",,,"3656677","https://media-cdn.tripadvisor.com/media/photo-o/08/20/72/41/dandito.jpg","false","false","-1.267871","116.880775","Dandito","531",,"+62 542 764367","$$ - $$$",,"185","2","#2 of 245 Restaurants in Balikpapan","4","RESTAURANT","https://www.tripadvisor.com/Restaurant_Review-g317100-d3656677-Reviews-Dandito-Balikpapan_East_Kalimantan_Kalimantan.html","http://www.danditorestaurant.com"
"Kelurahan Damai Jln. Puncak Marconi Indah 88, Balikpapan 76114 Indonesia","restaurant","International","Mediterranean","Asian","Indonesian","Halal","Vegetarian Friendly","Vegan Options",,,"Halal","Vegetarian Friendly","Vegan Options",,"openhousebalikpapan@gmail.com",,,"1380","660",,,"1380","660",,,"1380","660",,,"1380","660",,,"1380","660",,,"1380","660",,,"1380","660",,,"5512802","https://media-cdn.tripadvisor.com/media/photo-o/06/4f/82/0b/open-house.jpg","false","false","-1.270107","116.85023","Open House","113",,"+62 542 744823","$$ - $$$",,"185","6","#6 of 245 Restaurants in Balikpapan","4","RESTAURANT","https://www.tripadvisor.com/Restaurant_Review-g317100-d5512802-Reviews-Open_House-Balikpapan_East_Kalimantan_Kalimantan.html","http://www.mesraresto.com/open-house"
"Jln. Jendral Sudirman, Stal Kuda, Balikpapan 76112 Indonesia","restaurant","Seafood","Asian","Indonesian","Halal",,,,,,"Halal",,,,"info@toranifood.com",,,"1440","540",,,"1440","540",,,"1440","540",,,"1440","540",,,"1440","540",,,"1440","540",,,"1440","540",,,"7225466","https://media-cdn.tripadvisor.com/media/photo-o/12/c8/f0/b8/sangat-cocok-bila-dijadikan.jpg","false","false","-1.275138","116.8653","Rumah Makan Torani","88",,"+62 811-5936-789","$$ - $$$",,"185","7","#7 of 245 Restaurants in Balikpapan","4","RESTAURANT","https://www.tripadvisor.com/Restaurant_Review-g317100-d7225466-Reviews-Rumah_Makan_Torani-Balikpapan_East_Kalimantan_Kalimantan.html","http://toranifood.com"
"Jln. Mulawarman, Balikpapan 76115 Indonesia","restaurant","Seafood","International","European","Asian","Indonesian",,,,,,,,,"thebeachhousebalikpapan@gmail.com",,,"1260","600",,,"1260","600",,,"1260","600",,,"1260","600",,,"1260","600",,,"1260","600",,,"1260","600",,,"5617471","https://media-cdn.tripadvisor.com/media/photo-o/05/d7/e3/ac/the-beach-house-balikpapan.jpg","false","false","-1.234836","116.95617","The Beach House Balikpapan","106",,"+62 542 772130","$$ - $$$",,"185","4","#4 of 245 Restaurants in Balikpapan","4","RESTAURANT","https://www.tripadvisor.com/Restaurant_Review-g317100-d5617471-Reviews-The_Beach_House_Balikpapan-Balikpapan_East_Kalimantan_Kalimantan.html","http://www.mesraresto.com/the-beach-house"
"Jl. Jendral Sudirman 70, Balikpapan 76112 Indonesia","restaurant","Asian","Indonesian",,,,,,,,,,,,,,,,,,,,,,,,,,,,,,,,,,,,,,,,,,,"6489001","https://media-cdn.tripadvisor.com/media/photo-o/0d/d8/ef/94/p-20161211-121649-df.jpg","false","false","-1.277477","116.82823","Warung Tulung Agung","29",,"+62 542 731438","$",,"185","18","#17 of 245 Restaurants in Balikpapan","4","RESTAURANT","https://www.tripadvisor.com/Restaurant_Review-g317100-d6489001-Reviews-Warung_Tulung_Agung-Balikpapan_East_Kalimantan_Kalimantan.html",
"Jl. Jendral Sudirman no. 101 Pasar Baru, Balikpapan 76113 Indonesia","restaurant","Asian","Deli","Grill","Indonesian","Chinese","Halal",,,,"Halal",,,,,,,"960","420",,,,,,,,,,,,,,,,,,,,,,,,,,,"6594249","https://media-cdn.tripadvisor.com/media/photo-o/06/67/ac/2b/kedai-kopi-mantaw-canton.jpg","false","false","-1.27693","116.83909","Kedai Kopi Mantaw","47",,"+62 821-5420-2668","$$ - $$$",,"185","15","#14 of 245 Restaurants in Balikpapan","4","RESTAURANT","https://www.tripadvisor.com/Restaurant_Review-g317100-d6594249-Reviews-Kedai_Kopi_Mantaw-Balikpapan_East_Kalimantan_Kalimantan.html",
"Jl. Jendral Sudirman no. 1 Balikpapan Plaza Lantai Dasar, Balikpapan 76114 Indonesia","restaurant",,,,,,,,,,,,,,,,,,,,,,,,,,,,,,,,,,,,,,,,,,,,,"8388297","https://media-cdn.tripadvisor.com/media/photo-o/08/4b/f8/5e/marugame-udon.jpg","false","false","-1.277929","116.82593","Marugame Udon","30",,,"$$ - $$$",,"185","17","#16 of 245 Restaurants in Balikpapan","4","RESTAURANT","https://www.tripadvisor.com/Restaurant_Review-g317100-d8388297-Reviews-Marugame_Udon-Balikpapan_East_Kalimantan_Kalimantan.html","https://www.marugameudon.co.id/"
"Jl. Sukarno Hatta KM 50 - 52 Kecamatan Samboja Kutai Kartanegara, Balikpapan Indonesia","restaurant","Asian","Indonesian","Vegetarian Friendly",,,,,,,"Vegetarian Friendly",,,,,,,,,,,,,,,,,,,,,,,,,,,,,,,,,,,"8549296","https://media-cdn.tripadvisor.com/media/photo-w/08/be/5e/6b/rm-tahu-sumedang-samboja.jpg","false","false","-1.22042","116.84861","RM Tahu Sumedang Samboja","35",,,"$",,"185","19","#18 of 245 Restaurants in Balikpapan","4","RESTAURANT","https://www.tripadvisor.com/Restaurant_Review-g317100-d8549296-Reviews-RM_Tahu_Sumedang_Samboja-Balikpapan_East_Kalimantan_Kalimantan.html",
"Jln. Jendral Sudirman Ruko Bandar blok A no. 11 Klandasan, Balikpapan 76112 Indonesia","restaurant","Cafe","International","Asian","Indonesian","Vegetarian Friendly","Vegan Options",,,,"Vegetarian Friendly","Vegan Options",,,,,,"1380","480",,,"1380","480",,,"1380","480",,,"1380","480",,,"1380","480",,,"1380","480",,,"1380","480",,,"7117936","https://media-cdn.tripadvisor.com/media/photo-o/0c/94/3a/81/dari-pada-bingung-cari.jpg","false","false","-1.277479","116.833885","De Cafe Resto, Pastry & Bakery","51",,"+62 542 739272","$$ - $$$",,"185","14","#13 of 245 Restaurants in Balikpapan","4","RESTAURANT","https://www.tripadvisor.com/Restaurant_Review-g317100-d7117936-Reviews-De_Cafe_Resto_Pastry_Bakery-Balikpapan_East_Kalimantan_Kalimantan.html","http://www.decafe.co.id"
"Jln. Letjend Suprapto No 1 Blue Sky Hotel, Balikpapan 76131 Indonesia","restaurant","Chinese","Seafood","Asian",,,,,,,,,,,"info@blueskybalikpapan.com",,,"870","690","1350","1080","870","690","1350","1080","870","690","1350","1080","870","690","1350","1080","870","690","1350","1080","870","690","1350","1080","870","690","1350","1080","7387764","https://media-cdn.tripadvisor.com/media/photo-o/0e/3f/ec/b8/island-seafood-terrace.jpg","false","false","-1.238001","116.82767","Island Seafood Terrace - Blue Sky Hotel","27",,"+62 542 735845","$$ - $$$",,"185","20","#19 of 245 Restaurants in Balikpapan","4.5","RESTAURANT","https://www.tripadvisor.com/Restaurant_Review-g317100-d7387764-Reviews-Island_Seafood_Terrace_Blue_Sky_Hotel-Balikpapan_East_Kalimantan_Kalimantan.html","http://www.blueskybalikpapan.com"
"Jl. Jenderal Sudirman Monumen Perjuangan Rakyat, Balikpapan Indonesia","restaurant","Seafood","Asian","Indonesian",,,,,,,,,,,,,,"1320","600",,,"1320","600",,,"1320","600",,,"1320","600",,,"1320","600",,,"1320","600",,,"1320","600",,,"11964910","https://media-cdn.tripadvisor.com/media/photo-o/0e/41/76/bf/the-taste-is-quite-poor.jpg","false","false","-1.279581","116.822815","Restoran Biru Laut","26",,"+62 852-0002-1966","$$ - $$$",,"185","16","#15 of 245 Restaurants in Balikpapan","4","RESTAURANT","https://www.tripadvisor.com/Restaurant_Review-g317100-d11964910-Reviews-Restoran_Biru_Laut-Balikpapan_East_Kalimantan_Kalimantan.html","http://www.facebook.com/pages/Laut-Biru-Resto-Balikpapan/929480093851032"
"Jl. Jendral Sudirman no. 47 Ewalk Balikpapan Superblock, Ground Floor, Balikpapan 76112 Indonesia","restaurant","Cafe",,,,,,,,,,,,,,,,"1320","600",,,"1320","600",,,"1320","600",,,"1320","600",,,"1320","600",,,"1320","600",,,"1320","600",,,"6488328","https://media-cdn.tripadvisor.com/media/photo-o/05/f0/a3/a4/starbucks-coffee.jpg","false","false","-1.277344","116.83002","Starbucks","52",,"+62 542 7213867","$$ - $$$",,"185","13","#1 of 1 Quick Bites in Balikpapan","4","RESTAURANT","https://www.tripadvisor.com/Restaurant_Review-g317100-d6488328-Reviews-Starbucks-Balikpapan_East_Kalimantan_Kalimantan.html",
"Jl. Letjen Suprapto no. 1 Bluesky Hotel, Balikpapan 76131 Indonesia","restaurant","Indian","Southwestern","Arabic","Seafood","Asian","Indonesian","Vegetarian Friendly","Vegan Options","Gluten Free Options","Vegetarian Friendly","Vegan Options","Gluten Free Options",,"info@blueskybalikpapan.com",,,"1439","0",,,"1439","0",,,"1439","0",,,"1439","0",,,"1439","0",,,"1439","0",,,"1439","0",,,"12063927","https://media-cdn.tripadvisor.com/media/photo-o/0e/3f/ea/40/best-chinese-food-in.jpg","false","false","-1.235689","116.82591","Garden Restaurant","29",,"+62 542 735845","$$ - $$$",,"185","11","#11 of 245 Restaurants in Balikpapan","4.5","RESTAURANT","https://www.tripadvisor.com/Restaurant_Review-g317100-d12063927-Reviews-Garden_Restaurant-Balikpapan_East_Kalimantan_Kalimantan.html","http://www.blueskygroups.com/en/hotels/view/3/blue-sky-hotel-balikpapan"
"Jl. Jendral Sudirman Komplek BSB Blok G no. 26-28, Balikpapan 76114 Indonesia","restaurant","Chinese","Japanese","Seafood",,,,,,,,,,,"itasukibalikpapan@yahoo.com",,,"1320","540",,,"1320","660",,,"1320","660",,,"1320","660",,,"1320","660",,,"1320","660",,,"1320","660",,,"8540852","https://media-cdn.tripadvisor.com/media/photo-w/08/be/5b/d2/i-ta-suki-balikpapan.jpg","false","false","-1.277325","116.83118","I-ta Suki Balikpapan","29",,"+62 254 7571852","$$ - $$$",,"185","12","#12 of 245 Restaurants in Balikpapan","4.5","RESTAURANT","https://www.tripadvisor.com/Restaurant_Review-g317100-d8540852-Reviews-I_ta_Suki_Balikpapan-Balikpapan_East_Kalimantan_Kalimantan.html","http://www.itasuki.com/about/cabang/itasuki-balikpapan"
"Jln. Jendral Sudirman 74, Balikpapan 76112 Indonesia","restaurant","Asian","Indonesian",,,,,,,,,,,,,,,,,,,,,,,,,,,,,,,,,,,,,,,,,,,"8091061","https://media-cdn.tripadvisor.com/media/photo-o/08/13/ef/f7/typical-menu.jpg","false","false","-1.277775","116.82653","Bebek Goreng H. Slamet","26",,"+62 542 760730","$$ - $$$",,"185","23","#22 of 245 Restaurants in Balikpapan","4","RESTAURANT","https://www.tripadvisor.com/Restaurant_Review-g317100-d8091061-Reviews-Bebek_Goreng_H_Slamet-Balikpapan_East_Kalimantan_Kalimantan.html",
"Jl Kebun Sayur Pasar Kebun Sayur Balikpapan, Balikpapan 76131 Indonesia","restaurant","Seafood","Indonesian","Asian","Halal",,,,,,"Halal",,,,,,,,,,,,,,,,,,,,,,,,,,,,,,,,,,,"7146235","https://media-cdn.tripadvisor.com/media/photo-o/0d/f6/83/19/photo1jpg.jpg","false","false","-1.235307","116.823494","Warung Haur Gading Balikpapan","55",,,"$$ - $$$",,"185","26","#25 of 245 Restaurants in Balikpapan","4","RESTAURANT","https://www.tripadvisor.com/Restaurant_Review-g317100-d7146235-Reviews-Warung_Haur_Gading_Balikpapan-Balikpapan_East_Kalimantan_Kalimantan.html",
"Jln. Jendral Sudirman Alley between BCA and BTN Pasar Baru, Balikpapan 76112 Indonesia","restaurant",,,,,,,,,,,,,,,,,,,,,,,,,,,,,,,,,,,,,,,,,,,,,"10153994","https://media-cdn.tripadvisor.com/media/photo-o/0b/71/48/49/soup-konro-and-soup-saudara.jpg","false","false","-1.276013","116.841675","Sup Konro ""BCA""","19",,,"$",,"185","25","#24 of 245 Restaurants in Balikpapan","4.5","RESTAURANT","https://www.tripadvisor.com/Restaurant_Review-g317100-d10153994-Reviews-Sup_Konro_BCA-Balikpapan_East_Kalimantan_Kalimantan.html",
"Jln. Mulawarman 03, Balikpapan 76115 Indonesia","restaurant","Bar","International","Asian","Pub","Indonesian",,,,,,,,,"bbc_batakan@yahoo.com.sg",,,,,,,,,,,,,,,,,,,,,,,,,,,,,,,"4246555","https://media-cdn.tripadvisor.com/media/photo-o/03/ea/f3/29/getlstd-property-photo.jpg","false","false","-1.25525","116.92605","Batakan Beach Cafe","36",,"+62 542 750750","$$ - $$$",,"185","28","#27 of 245 Restaurants in Balikpapan","4","RESTAURANT","https://www.tripadvisor.com/Restaurant_Review-g317100-d4246555-Reviews-Batakan_Beach_Cafe-Balikpapan_East_Kalimantan_Kalimantan.html","http://www.letseat.at/batakanbeachcafe"
"Jl. Jend. Ahmad Yani, RT. 41 no. 33, Gunung Sari Ilir, Balikpapan Indonesia","restaurant","Seafood",,,,,,,,,,,,,,,,,,,,,,,,,,,,,,,,,,,,,,,,,,,,"8372869","https://media-cdn.tripadvisor.com/media/photo-o/08/40/94/9a/rumah-makan-teluk-bayur.jpg","false","false","-1.272867","116.83811","Rumah Makan Teluk Bayur","19",,"+62 542 421500","$$ - $$$",,"185","29","#28 of 245 Restaurants in Balikpapan","4.5","RESTAURANT","https://www.tripadvisor.com/Restaurant_Review-g317100-d8372869-Reviews-Rumah_Makan_Teluk_Bayur-Balikpapan_East_Kalimantan_Kalimantan.html",
"Jl. Marsma R. Iswahyudi Gunung Bakaran no. 124 blok A-2, Balikpapan Indonesia","restaurant","Seafood","Asian","Indonesian",,,,,,,,,,,,,,,,,,,,,,,,,,,,,,,,,,,,,,,,,,"10195182","https://media-cdn.tripadvisor.com/media/photo-o/11/8f/04/03/20171221-131450-0-largejpg.jpg","false","false","-1.271415","116.87538","Restaurant Sea Food Apong","20",,"+62 542 8520571","$$ - $$$",,"185","30","#29 of 245 Restaurants in Balikpapan","4.5","RESTAURANT","https://www.tripadvisor.com/Restaurant_Review-g317100-d10195182-Reviews-Restaurant_Sea_Food_Apong-Balikpapan_East_Kalimantan_Kalimantan.html",
"Jln. Jendral Sudirman No. 47 In shops surrounding E-Walk Plaza, Balikpapan 76112 Indonesia","restaurant","Italian","European","Vegetarian Friendly",,,,,,,"Vegetarian Friendly",,,,,,,,,,,,,,,,,,,,,,,,,,,,,,,,,,,"7745800","https://media-cdn.tripadvisor.com/media/photo-o/07/b4/b2/b8/seafood-plater.jpg","false","false","-1.274517","116.859314","Pasta Cielo","32",,"+62 851-0007-2825","$$ - $$$",,"185","21","#20 of 245 Restaurants in Balikpapan","4","RESTAURANT","https://www.tripadvisor.com/Restaurant_Review-g317100-d7745800-Reviews-Pasta_Cielo-Balikpapan_East_Kalimantan_Kalimantan.html",
"Jl. Jend. A. Yani No. 50 RT 55, Balikpapan Indonesia","restaurant","Asian","Indonesian",,,,,,,,,,,,,,,,,,,,,,,,,,,,,,,,,,,,,,,,,,,"6487841","https://media-cdn.tripadvisor.com/media/photo-m/1280/13/7a/ba/e1/screenshot-20180626-151416.jpg","false","false","-1.272793","116.83806","Bubur Ayam Samarinda","34",,"+62 542 736491","$",,"185","22","#21 of 245 Restaurants in Balikpapan","4","RESTAURANT","https://www.tripadvisor.com/Restaurant_Review-g317100-d6487841-Reviews-Bubur_Ayam_Samarinda-Balikpapan_East_Kalimantan_Kalimantan.html",
"Jl. Letjen Suprapto no. 1 Blue Sky Hotel, Balikpapan 76131 Indonesia","restaurant","Japanese","Sushi","Barbecue","Vegetarian Friendly",,,,,,"Vegetarian Friendly",,,,"info@blueskybalikpapan.com",,,"870","690","1350","1080","870","690","1350","1080","870","690","1350","1080","870","690","1350","1080","870","690","1350","1080","870","690","1350","1080","870","690","1350","1080","7606272","https://media-cdn.tripadvisor.com/media/photo-o/10/22/5b/d5/large-sashimi-set.jpg","false","false","-1.238017","116.82767","Kaizeki Japanese Restaurant","23",,"+62 542 735845","$$$$",,"185","24","#23 of 245 Restaurants in Balikpapan","4.5","RESTAURANT","https://www.tripadvisor.com/Restaurant_Review-g317100-d7606272-Reviews-Kaizeki_Japanese_Restaurant-Balikpapan_East_Kalimantan_Kalimantan.html","http://www.blueskybalikpapan.com"
"Jln. Jendral Sudirman no. 18, Balikpapan 76112 Indonesia","restaurant","Asian","Indonesian",,,,,,,,,,,,,,,,,,,,,,,,,,,,,,,,,,,,,,,,,,,"4053539","https://media-cdn.tripadvisor.com/media/photo-s/06/63/8c/a8/mie-bakso-pasar-baru.jpg","false","false","-1.277295","116.83298","Bakso Sapi Pasar Baru","31",,"+62 542 423198","$$ - $$$",,"185","27","#26 of 245 Restaurants in Balikpapan","4","RESTAURANT","https://www.tripadvisor.com/Restaurant_Review-g317100-d4053539-Reviews-Bakso_Sapi_Pasar_Baru-Balikpapan_East_Kalimantan_Kalimantan.html",
"Jl. A.Yani no. 12 In front of Pacific Hotel, Balikpapan 76113 Indonesia","restaurant","Pizza",,,,,,,,,,,,,"Docjc16@gmail.com",,,,,,,,,,,,,,,,,,,,,,,,,,,,,,,"12442876","https://media-cdn.tripadvisor.com/media/photo-o/0f/67/89/56/beef-rendang-pizza-dari.jpg","false","false","-1.270592","116.83765","DocJC","8",,"+62 813-4760-9098","$$ - $$$",,"185","38","#37 of 245 Restaurants in Balikpapan","5","RESTAURANT","https://www.tripadvisor.com/Restaurant_Review-g317100-d12442876-Reviews-DocJC-Balikpapan_East_Kalimantan_Kalimantan.html","https://www.facebook.com/DocJCRestaurant/"
"Jl. Jendral Sudirman no. 47 Mall E-Walk BSB Lantai UG No. 20 B, Balikpapan 76114 Indonesia","restaurant","Asian","Indonesian",,,,,,,,,,,,,,,,,,,,,,,,,,,,,,,,,,,,,,,,,,,"9742446","https://media-cdn.tripadvisor.com/media/photo-o/0a/94/4a/e0/d-jintan.jpg","false","false","-1.277344","116.83002","D'Jintan","12",,"+62 542 7571842","$$ - $$$",,"185","40","#38 of 245 Restaurants in Balikpapan","4.5","RESTAURANT","https://www.tripadvisor.com/Restaurant_Review-g317100-d9742446-Reviews-D_Jintan-Balikpapan_East_Kalimantan_Kalimantan.html",
"Jl. Jenderal Sudirman No.69 Pasar Klandasan Balikpapan, Balikpapan 76112 Indonesia","restaurant",,,,,,,,,,,,,,,,,,,,,,,,,,,,,,,,,,,,,,,,,,,,,"10528964","https://media-cdn.tripadvisor.com/media/photo-o/0e/9a/88/c8/photo2jpg.jpg","false","false","-1.277993","116.832825","Coto Makassar Klandasan Hj. Kasim","19",,"+62 852-4653-8353","$",,"185","35","#34 of 245 Restaurants in Balikpapan","4","RESTAURANT","https://www.tripadvisor.com/Restaurant_Review-g317100-d10528964-Reviews-Coto_Makassar_Klandasan_Hj_Kasim-Balikpapan_East_Kalimantan_Kalimantan.html",
"Jl. Ruhui Rahayu no. 4, Balikpapan 76114 Indonesia","restaurant",,,,,,,,,,,,,,,,,"1320","960",,,"1320","600",,,,,,,"1320","600",,,"1320","600",,,"1380","600",,,"1380","600",,,"8644439","https://media-cdn.tripadvisor.com/media/photo-o/0a/b3/b7/4b/warm-place.jpg","false","false","-1.24319","116.89651","Pot O' Koffie","11",,"+62 542 8511061","$$ - $$$",,"185","39","#2 of 11 Coffee & Tea in Balikpapan","4.5","RESTAURANT","https://www.tripadvisor.com/Restaurant_Review-g317100-d8644439-Reviews-Pot_O_Koffie-Balikpapan_East_Kalimantan_Kalimantan.html",
"Jln. MT. Haryono, Balikpapan 76114 Indonesia","restaurant","Chinese","Seafood","Asian",,,,,,,,,,,,,,,,,,,,,,,,,,,,,,,,,,,,,,,,,,"7178576","https://media-cdn.tripadvisor.com/media/photo-o/10/da/e9/54/photo0jpg.jpg","false","false","-1.24892","116.87067","Dinasti Restaurant","18",,"+62 542 877445","$$ - $$$",,"185","32","#31 of 245 Restaurants in Balikpapan","4.5","RESTAURANT","https://www.tripadvisor.com/Restaurant_Review-g317100-d7178576-Reviews-Dinasti_Restaurant-Balikpapan_East_Kalimantan_Kalimantan.html",
"Jln. Mulawarman, Balikpapan 76115 Indonesia","restaurant","Seafood","Asian","Indonesian",,,,,,,,,,,,,,,,,,,,,,,,,,,,,,,,,,,,,,,,,,"8597797","https://media-cdn.tripadvisor.com/media/photo-o/09/b1/8a/83/ikan-bakar-selat-makassar.jpg","false","false","-1.25528","116.92601","Ikan Bakar Selat Makassar","14",,"+62 813-4714-1474","$$ - $$$",,"185","36","#35 of 245 Restaurants in Balikpapan","4","RESTAURANT","https://www.tripadvisor.com/Restaurant_Review-g317100-d8597797-Reviews-Ikan_Bakar_Selat_Makassar-Balikpapan_East_Kalimantan_Kalimantan.html",
"Jl. Mt Haryono Dalam no. 103 RT 040 Gn Bahagia, Balikpapan 76114 Indonesia","restaurant",,,,,,,,,,,,,,,,,,,,,,,,,,,,,,,,,,,,,,,,,,,,,"8298045","https://media-cdn.tripadvisor.com/media/photo-o/09/0b/fb/5c/depot-bintang-mawar-ayam.jpg","false","false","-1.24514","116.87182","Depot Bintang Mawar Ayam Pedas","17",,"+62 542 7127855","$$ - $$$",,"185","31","#30 of 245 Restaurants in Balikpapan","4.5","RESTAURANT","https://www.tripadvisor.com/Restaurant_Review-g317100-d8298045-Reviews-Depot_Bintang_Mawar_Ayam_Pedas-Balikpapan_East_Kalimantan_Kalimantan.html",
"Jl. Sudirman Blok K No.6 Komplek Pasar Baru Square Lt 2, Balikpapan Indonesia","restaurant","Asian","Indonesian",,,,,,,,,,,,,,,,,,,,,,,,,,,,,,,,,,,,,,,,,,,"4787548","https://media-cdn.tripadvisor.com/media/photo-s/04/70/ea/62/makanan-tradisional-indonesia.jpg","false","false","-1.27708","116.82988","Kafe Betawi","27",,"+62 542 7582552","$$ - $$$",,"185","37","#36 of 245 Restaurants in Balikpapan","3.5","RESTAURANT","https://www.tripadvisor.com/Restaurant_Review-g317100-d4787548-Reviews-Kafe_Betawi-Balikpapan_East_Kalimantan_Kalimantan.html","http://kafebetawi.com/outlets/balcony-balikpapan/"
"Jln. MT. Haryono No. 75, Balikpapan 76114 Indonesia","restaurant","Asian","Cajun & Creole","Seafood","Grill","Indonesian","Halal",,,,"Halal",,,,"rajaudangresto@gmail.com",,,,,,,,,,,,,,,,,,,,,,,,,,,,,,,"6550735","https://media-cdn.tripadvisor.com/media/photo-s/05/c0/2f/cf/getlstd-property-photo.jpg","false","false","-1.240047","116.87344","Raja Udang Resto","22",,"+62 542 765285","$$ - $$$",,"185","33","#32 of 245 Restaurants in Balikpapan","4","RESTAURANT","https://www.tripadvisor.com/Restaurant_Review-g317100-d6550735-Reviews-Raja_Udang_Resto-Balikpapan_East_Kalimantan_Kalimantan.html","https://www.facebook.com/rajaudangresto/"
"Jl. Sungai Ampal Ruko Pasar Segar RB 09, Balikpapan Indonesia","restaurant","Cafe",,,,,,,,,,,,,,,,,,,,,,,,,,,,,,,,,,,,,,,,,,,,"10213443","https://media-cdn.tripadvisor.com/media/photo-o/0d/e7/e6/77/photo3jpg.jpg","false","false","-1.244475","116.85818","Etnica Coffee & Kitchen","21",,"+62 812-3994-0098","$$ - $$$",,"185","34","#33 of 245 Restaurants in Balikpapan","4","RESTAURANT","https://www.tripadvisor.com/Restaurant_Review-g317100-d10213443-Reviews-Etnica_Coffee_Kitchen-Balikpapan_East_Kalimantan_Kalimantan.html","https://www.facebook.com/pages/Etnica-Coffee-Kitchen/160286287980125?ref=br_rs"
"Jl. Jendral Sudirman Balikpapan Permai blok H2 no. 5-7, Balikpapan 76114 Indonesia","restaurant",,,,,,,,,,,,,,,,,,,,,,,,,,,,,,,,,,,,,,,,,,,,,"11625356","https://media-cdn.tripadvisor.com/media/photo-o/0d/4c/fa/2c/dialog-coffee.jpg","false","false","-1.277295","116.83275","Dialog Coffee","11",,"+62 542 8861991",,,"185","49","#47 of 245 Restaurants in Balikpapan","4.5","RESTAURANT","https://www.tripadvisor.com/Restaurant_Review-g317100-d11625356-Reviews-Dialog_Coffee-Balikpapan_East_Kalimantan_Kalimantan.html","http://dialog.coffee"
"Jl. Jendral Sudirman no. 7 Aston Balikpapan Hotel & Residence, Balikpapan 76113 Indonesia","restaurant","Steakhouse","Cafe","Barbecue","Diner",,,,,,,,,,"seventhstreet.balikpapan@gmail.com",,,"1560","1020",,,"1560","1020",,,"1560","1020",,,"1560","1020",,,"1560","1020",,,"1560","1020",,,"1560","1020",,,"9736359","https://media-cdn.tripadvisor.com/media/photo-o/0e/50/70/14/clasy-bar-place-that.jpg","false","false","-1.275859","116.84522","Seventh Street Irish","19",,"+62 821-5496-8203","$$ - $$$",,"185","42","#40 of 245 Restaurants in Balikpapan","4","RESTAURANT","https://www.tripadvisor.com/Restaurant_Review-g317100-d9736359-Reviews-Seventh_Street_Irish-Balikpapan_East_Kalimantan_Kalimantan.html","https://www.facebook.com/seventhstreetbalikpapan/"
"Jln. Jendral Sudirman Balikpapan Superblock, Balikpapan 76114 Indonesia","restaurant","Cafe","Fast Food",,,,,,,,,,,,,,,,,,,,,,,,,,,,,,,,,,,,,,,,,,,"8388283","https://media-cdn.tripadvisor.com/media/photo-o/08/4b/f9/0a/share-tea.jpg","false","false","-1.27531","116.86555","Share Tea","14",,,,,"185","50","#1 of 3 Dessert in Balikpapan","4","RESTAURANT","https://www.tripadvisor.com/Restaurant_Review-g317100-d8388283-Reviews-Share_Tea-Balikpapan_East_Kalimantan_Kalimantan.html",
"Jln. Jendral Sudirman, Balikpapan 76114 Indonesia","restaurant","Asian","Indonesian",,,,,,,,,,,,,,,,,,,,,,,,,,,,,,,,,,,,,,,,,,,"7729073","https://media-cdn.tripadvisor.com/media/photo-o/08/40/b9/22/bakso-mie-ayam-lik-min.jpg","false","false","-1.27339","116.85133","Bakso & Mie Ayam Lik Min","25",,,"$",,"185","41","#39 of 245 Restaurants in Balikpapan","3.5","RESTAURANT","https://www.tripadvisor.com/Restaurant_Review-g317100-d7729073-Reviews-Bakso_Mie_Ayam_Lik_Min-Balikpapan_East_Kalimantan_Kalimantan.html",
"Jl. Jendral Sudirman no. 47 Balikpapan Super Block, Balikpapan 76114 Indonesia","restaurant",,,,,,,,,,,,,,"bellagio_restaurant@yahoo.com",,,,,,,,,,,,,,,,,,,,,,,,,,,,,,,"9818861","https://media-cdn.tripadvisor.com/media/photo-o/0a/86/a3/7c/nyaman-bangetlega-bangetfeel.jpg","false","false","-1.272973","116.85766","Bellagio Restaurant","15",,"+62 542 7213888","$$ - $$$",,"185","45","#43 of 245 Restaurants in Balikpapan","4","RESTAURANT","https://www.tripadvisor.com/Restaurant_Review-g317100-d9818861-Reviews-Bellagio_Restaurant-Balikpapan_East_Kalimantan_Kalimantan.html","http://www.jatrahotels.com/grandjatra-balikpapan/dining/bellagio-restaurant"
"Jl. Pandan Sari, Balikpapan Indonesia","restaurant","Chinese",,,,,,,,,,,,,,,,,,,,,,,,,,,,,,,,,,,,,,,,,,,,"10535175","https://media-cdn.tripadvisor.com/media/photo-o/12/9b/71/e3/depot-lo-ho-kok.jpg","false","false","-1.23735","116.82566","Depot Lo Ho Kok","9",,,"$$ - $$$",,"185","47","#45 of 245 Restaurants in Balikpapan","4.5","RESTAURANT","https://www.tripadvisor.com/Restaurant_Review-g317100-d10535175-Reviews-Depot_Lo_Ho_Kok-Balikpapan_East_Kalimantan_Kalimantan.html",
"Jln. Mayjen Sutoyo, Balikpapan 76113 Indonesia","restaurant",,,,,,,,,,,,,,,,,,,,,,,,,,,,,,,,,,,,,,,,,,,,,"8389158","https://media-cdn.tripadvisor.com/media/photo-w/08/b0/18/59/nasi-pecel-pincuk-khas.jpg","false","false","-1.26685","116.84614","Nasi Pecel (Pincuk) Khas Madiun Pak Kumis","14",,,"$",,"185","43","#41 of 245 Restaurants in Balikpapan","4","RESTAURANT","https://www.tripadvisor.com/Restaurant_Review-g317100-d8389158-Reviews-Nasi_Pecel_Pincuk_Khas_Madiun_Pak_Kumis-Balikpapan_East_Kalimantan_Kalimantan.html",
"Jln. Brigjen Eri Suparjan No 2, Balikpapan 76112 Indonesia","restaurant","Italian","European",,,,,,,,,,,,,,,"1320","480",,,"1320","480",,,"1320","480",,,"1320","480",,,"1320","480",,,"1320","480",,,"1320","480",,,"6209367","https://media-cdn.tripadvisor.com/media/photo-o/05/6c/50/7b/colors-restaurant-in.jpg","false","false","-1.27396","116.83387","Colors Restaurant, In Novotel Balikpapan","21",,,"$$ - $$$",,"185","44","#42 of 245 Restaurants in Balikpapan","4","RESTAURANT","https://www.tripadvisor.com/Restaurant_Review-g317100-d6209367-Reviews-Colors_Restaurant_In_Novotel_Balikpapan-Balikpapan_East_Kalimantan_Kalimantan.html",
"Jln. Jendral Sudirman No. 47 Balikpapan Superblock Level LG, Unit 08, Balikpapan 76114 Indonesia","restaurant","Japanese","Steakhouse","Fast Food","Diner","Halal",,,,,"Halal",,,,,,,,,,,,,,,,,,,,,,,,,,,,,,,,,,,"9766496","https://media-cdn.tripadvisor.com/media/photo-o/0a/63/4f/77/photo0jpg.jpg","false","false","-1.277344","116.83002","Pepper Lunch","14",,"+62 542 8521025","$$ - $$$",,"185","46","#44 of 245 Restaurants in Balikpapan","4","RESTAURANT","https://www.tripadvisor.com/Restaurant_Review-g317100-d9766496-Reviews-Pepper_Lunch-Balikpapan_East_Kalimantan_Kalimantan.html",
"Jl. Letjend Zaenal Azhar Maulani No. 30 B RT: 37, Balikpapan 76114 Indonesia","hotel",,,,,,,,,,,,,,,"0.0",,,,,,,,,,,,,,,,,,,,,,,,,,,,,,"20925942",,,,"-1.260759","116.86818","Airy Eco Syariah MT Haryono Zaeni Azhar 30 Balikpapan","0",,"+62 804 111 2479",,,,,,,"HOTEL","https://www.tripadvisor.com/Hotel_Review-g317100-d20925942-Reviews-Airy_Eco_Syariah_MT_Haryono_Zaeni_Azhar_30_Balikpapan-Balikpapan_East_Kalimantan_Kali.html","https://www.airyrooms.com/hotel/airy-eco-syariah-mt-haryono-zaeni-azhar-30-balikpapan"
"Jl. Ahmad Yani no 1 Balikpapan Plaza 1st Floor, Balikpapan Indonesia","restaurant","Chinese","Thai",,,,,,,,,,,,,,,,,,,,,,,,,,,,,,,,,,,,,,,,,,,"6887417","https://media-cdn.tripadvisor.com/media/photo-o/06/65/e7/53/lunch.jpg","false","false","-1.278521","116.82065","Ta Wan Restaurant","27",,"+62 542 7203432","$$ - $$$",,"185","48","#46 of 245 Restaurants in Balikpapan","3.5","RESTAURANT","https://www.tripadvisor.com/Restaurant_Review-g317100-d6887417-Reviews-Ta_Wan_Restaurant-Balikpapan_East_Kalimantan_Kalimantan.html","http://tawanrestaurant.com/"
"Jalan Balikpapan-Handil, Rt.01 Km.44 Margomulyo Samboja, Balikpapan 75273 Indonesia","hotel",,,,,,,,,,,,,,"marketing_sambojalodge@orangutan.or.id","3.0","This property is classified according to Giata.",,,,,,,,,,,,,,,,,,,,,,,,,,,,,"2311980","https://media-cdn.tripadvisor.com/media/photo-s/08/13/f5/62/samboja-lodge.jpg",,,"-1.050592","116.98932","Samboja Lodge","73","26","+62 856-6816-1481",,,"45","1","#1 of 45 Specialty lodging in Balikpapan","4","HOTEL","https://www.tripadvisor.com/Hotel_Review-g317100-d2311980-Reviews-Samboja_Lodge-Balikpapan_East_Kalimantan_Kalimantan.html",
"Jalan Marsma R Iswahyudi No. 58, RT 23, Balikpapan Indonesia","hotel",,,,,,,,,,,,,,,"0.0",,,,,,,,,,,,,,,,,,,,,,,,,,,,,,"20929819",,,,"-1.259641","116.908714","Airy Bandara Sepinggan Marsma R Iswahyudi 58 Balikpapan","0",,,,,,,,,"HOTEL","https://www.tripadvisor.com/Hotel_Review-g317100-d20929819-Reviews-Airy_Bandara_Sepinggan_Marsma_R_Iswahyudi_58_Balikpapan-Balikpapan_East_Kalimantan_Ka.html","https://www.airyrooms.com/hotel/airy-bandara-sepinggan-marsma-r-iswahyudi-58-balikpapan"
"Gang PLN, Balikpapan 76114 Indonesia","hotel",,,,,,,,,,,,,,,"0.0",,,,,,,,,,,,,,,,,,,,,,,,,,,,,,"23191230",,,,"-1.246011","116.87358","Biru Rumahku","0",,,,,,,,,"HOTEL","https://www.tripadvisor.com/Hotel_Review-g317100-d23191230-Reviews-Biru_Rumahku-Balikpapan_East_Kalimantan_Kalimantan.html",
"1, Sepinggan Raya, Balikpapan 76115 Indonesia","hotel",,,,,,,,,,,,,,"talistings@oyorooms.com","0.0",,,,,,,,,,,,,,,,,,,,,,,,,,,,,,"20099378","https://media-cdn.tripadvisor.com/media/partner/bookingcom/photo-o/29/32/6f/1b/caption.jpg",,,"-1.252847","116.90403","OYO 2731 MIM Guest House Syariah","0","18",,"$","$10 - $11",,,,,"HOTEL","https://www.tripadvisor.com/Hotel_Review-g317100-d20099378-Reviews-OYO_2731_MIM_Guest_House_Syariah-Balikpapan_East_Kalimantan_Kalimantan.html","http://www.oyorooms.com/93940?utm_source=tripadvisor&utm_medium=listing&utm_campaign=ID_BPN028"
"Jl. Marsma R. Iswahyudi, Balikpapan 76115 Indonesia","hotel",,,,,,,,,,,,,,,"0.0",,,,,,,,,,,,,,,,,,,,,,,,,,,,,,"25566027","https://media-cdn.tripadvisor.com/media/photo-o/29/12/97/29/tampilan-eksterior-hotel.jpg",,,"-1.260246","116.902176","Horison Ultima Bandara Balikpapan","0","138","+62 21 75818999","$","$50 - $57",,,,,"HOTEL","https://www.tripadvisor.com/Hotel_Review-g317100-d25566027-Reviews-Horison_Ultima_Bandara_Balikpapan-Balikpapan_East_Kalimantan_Kalimantan.html","http://www.myhorison.com"
"6, Jl. Syarifuddin Yoes, Balikpapan 76114 Indonesia","hotel",,,,,,,,,,,,,,"talistings@oyorooms.com","2.0","This property is classified according to Giata.",,,,,,,,,,,,,,,,,,,,,,,,,,,,,"20099371",,,,"-1.231136","116.87605","SPOT ON 2729 Marzan Syariah Guest House","0","10",,,,,,,,"HOTEL","https://www.tripadvisor.com/Hotel_Review-g317100-d20099371-Reviews-SPOT_ON_2729_Marzan_Syariah_Guest_House-Balikpapan_East_Kalimantan_Kalimantan.html","http://www.oyorooms.com/93937?utm_source=tripadvisor&utm_medium=listing&utm_campaign=ID_BPN027"
"No 41-42, Jl. Tembus Strat II No.3, Balikpapan 76124 Indonesia","hotel",,,,,,,,,,,,,,"talistings@oyorooms.com","0.0",,,,,,,,,,,,,,,,,,,,,,,,,,,,,,"19459101","https://media-cdn.tripadvisor.com/media/partner/bookingcom/photo-o/29/31/d9/37/caption.jpg",,,"-1.236799","116.84862","OYO 1745 Guest House Nur Aziziah 2","0","96",,"$","$10 - $12",,,,,"HOTEL","https://www.tripadvisor.com/Hotel_Review-g317100-d19459101-Reviews-OYO_1745_Guest_House_Nur_Aziziah_2-Balikpapan_East_Kalimantan_Kalimantan.html","http://www.oyorooms.com/83450?utm_source=tripadvisor&utm_medium=listing&utm_campaign=ID_BPN018"
"117, Jl. Mayjend Sutoyo Gg. Kenangan, RT.41/RW.No.117, Klandasan Ilir, Balikpapan 76113 Indonesia","hotel",,,,,,,,,,,,,,,"2.0","This property is classified according to Giata.",,,,,,,,,,,,,,,,,,,,,,,,,,,,,"23419272",,,,,,"OYO 3948 Kenangan Syariah Guest House","0",,,,,,,,,"HOTEL","https://www.tripadvisor.com/Hotel_Review-g317100-d23419272-Reviews-OYO_3948_Kenangan_Syariah_Guest_House-Balikpapan_East_Kalimantan_Kalimantan.html",
"Jalan Mt Haryono Rt 11 No. 48, Balikpapan 76114 Indonesia","hotel",,,,,,,,,,,,,,,"0.0",,,,,,,,,,,,,,,,,,,,,,,,,,,,,,"23231126",,,,"-1.261144","116.861824","Airy Damai Mt Haryono 5 Balikpapan","0",,,,,,,,,"HOTEL","https://www.tripadvisor.com/Hotel_Review-g317100-d23231126-Reviews-Airy_Damai_Mt_Haryono_5_Balikpapan-Balikpapan_East_Kalimantan_Kalimantan.html",
"Ringroad Perum PGRI Blok P No: 10, Near Balikpapan Islamic Center, Balikpapan 76114 Indonesia","hotel",,,,,,,,,,,,,,,"0.0",,,,,,,,,,,,,,,,,,,,,,,,,,,,,,"19602723","https://media-cdn.tripadvisor.com/media/photo-o/1a/54/e2/3d/oyo-2038-jasmine-guest.jpg",,,"1.234704","116.88409","OYO 2038 Jasmine Guest House Balikpapan","0","15","+62 804 104 0040",,,,,,,"HOTEL","https://www.tripadvisor.com/Hotel_Review-g317100-d19602723-Reviews-OYO_2038_Jasmine_Guest_House_Balikpapan-Balikpapan_East_Kalimantan_Kalimantan.html","http://www.oyorooms.com/86804?utm_source=tripadvisor&utm_medium=listing&utm_campaign=ID_BPN023"
"Jalan MT.Haryono RT 30 No. 6A, Balikpapan 76114 Indonesia","hotel",,,,,,,,,,,,,,,"0.0",,,,,,,,,,,,,,,,,,,,,,,,,,,,,,"21330735",,,,,,"RedDoorz near Living Plaza Balikpapan","0",,"+62 21 80629666","$","$10 - $15",,,,,"HOTEL","https://www.tripadvisor.com/Hotel_Review-g317100-d21330735-Reviews-RedDoorz_near_Living_Plaza_Balikpapan-Balikpapan_East_Kalimantan_Kalimantan.html","https://www.reddoorz.com/id-id/hotel/indonesia/balikpapan/balikpapan-selatan/reddoorz-near-living-plaza-balikpapan?utm_campaign=webclick&utm_medium=mybusiness&utm_source=google"
