"address","category","cuisine/0","cuisine/1","cuisine/2","cuisine/3","cuisine/4","cuisine/5","cuisine/6","cuisine/7","cuisine/8","dietaryRestrictions/0","dietaryRestrictions/1","dietaryRestrictions/2","dietaryRestrictions/3","email","hours/0/0/close","hours/0/0/open","hours/0/1/close","hours/0/1/open","hours/1/0/close","hours/1/0/open","hours/1/1/close","hours/1/1/open","hours/2/0/close","hours/2/0/open","hours/2/1/close","hours/2/1/open","hours/3/0/close","hours/3/0/open","hours/3/1/close","hours/3/1/open","hours/4/0/close","hours/4/0/open","hours/4/1/close","hours/4/1/open","hours/5/0/close","hours/5/0/open","hours/5/1/close","hours/5/1/open","hours/6/0/close","hours/6/0/open","hours/6/1/close","hours/6/1/open","id","image","isClosed","isLongClosed","latitude","longitude","name","numberOfReviews","phone","priceLevel","rankingDenominator","rankingPosition","rankingString","rating","type","webUrl","website"
"Bandar Balikpapan Ruko  Jln. Jendral Sudirman, Balikpapan 76112 Indonesia","restaurant","Cina",,,,,,,,,,,,,,,,,,,,,,,,,,,,,,,,,,,,,,,,,,"7617770","https://media-cdn.tripadvisor.com/media/photo-o/08/57/c6/b5/mandarin-chinese-restaurant.jpg","false","false","-1.27139","116.85344","Mandarin Chinese Restaurant","12","+62 542 739053","$$ - $$$","185","60","No. 57 dari 245 Restoran di Balikpapan","4","RESTAURANT","https://www.tripadvisor.co.id/Restaurant_Review-g317100-d7617770-Reviews-Mandarin_Chinese_Restaurant-Balikpapan_East_Kalimantan_Kalimantan.html","https://www.facebook.com/Mandarin-Chinese-Restaurant-515645898619450/"
"Jln. Jendral Sudirman Balikpapan Super Block Blok G 10 - 11, Balikpapan 76112 Indonesia","restaurant","Cina","Asia",,,,,,,,,,,,,"1320","600",,,"1320","600",,,"1320","600",,,"1320","600",,,"1320","600",,,"1320","600",,,"1320","600",,,"3784879","https://media-cdn.tripadvisor.com/media/photo-o/09/98/26/96/xo-suki-dim-sum.jpg","false","false","-1.27139","116.85344","XO Suki & Dim Sum","25","+62 542 7571816","$$ - $$$","185","51","No. 48 dari 245 Restoran di Balikpapan","3.5","RESTAURANT","https://www.tripadvisor.co.id/Restaurant_Review-g317100-d3784879-Reviews-XO_Suki_Dim_Sum-Balikpapan_East_Kalimantan_Kalimantan.html",
"Jl. MT Haryono Dalam, Balikpapan Indonesia","restaurant",,,,,,,,,,,,,,,"1260","720",,,"1260","720",,,"1260","720",,,"1260","720",,,"1260","720",,,"1260","720",,,"1260","720",,,"10669693","https://media-cdn.tripadvisor.com/media/photo-o/0c/52/eb/fa/mie-ayam-and-bakso-pangsit.jpg","false","false","-1.26417","116.85959","Bakso dan Mie Pangsit Wardoyo","9",,"$","185","56","No. 53 dari 245 Restoran di Balikpapan","4","RESTAURANT","https://www.tripadvisor.co.id/Restaurant_Review-g317100-d10669693-Reviews-Bakso_dan_Mie_Pangsit_Wardoyo-Balikpapan_East_Kalimantan_Kalimantan.html",
"Jl. Jendral Sudirman no. 285 Markoni, Balikpapan 76113 Indonesia","restaurant","Asia","Indonesia",,,,,,,,,,,,"igabakar_blpn@yahoo.co.id",,,,,,,,,,,,,,,,,,,,,,,,,,,,,"7003743","https://media-cdn.tripadvisor.com/media/photo-o/0e/42/95/74/img-20170126-222108-largejpg.jpg","false","false","-1.273553","116.85041","Iga Bakar Mas Giri","28","+62 542 424124","$$ - $$$","185","54","No. 51 dari 245 Restoran di Balikpapan","3.5","RESTAURANT","https://www.tripadvisor.co.id/Restaurant_Review-g317100-d7003743-Reviews-Iga_Bakar_Mas_Giri-Balikpapan_East_Kalimantan_Kalimantan.html","http://igamasgiri.blogspot.com/"
"Jl. Sudirman Kawasan Niaga Terpadu Bandar Balikpapan Blok L, Balikpapan 76112 Indonesia","restaurant","Makanan Laut","Indonesia","Cina","Asia",,,,,,,,,,,,,,,,,,,,,,,,,,,,,,,,,,,,,,,"3974755","https://media-cdn.tripadvisor.com/media/photo-o/0a/90/02/f9/restoran-tampak-depan.jpg","false","false","-1.274173","116.84956","Zeus Cafe and Lounge","26","+62 542 739141","$$ - $$$","185","52","No. 49 dari 245 Restoran di Balikpapan","3.5","RESTAURANT","https://www.tripadvisor.co.id/Restaurant_Review-g317100-d3974755-Reviews-Zeus_Cafe_and_Lounge-Balikpapan_East_Kalimantan_Kalimantan.html","https://www.facebook.com/pages/Zeus-Cafe-Lounge/231521816935259?rf=321217627927661"
"Jln. Jendral Sudirman 245, Balikpapan 76112 Indonesia","restaurant","Makanan Laut",,,,,,,,,,,,,,,,,,,,,,,,,,,,,,,,,,,,,,,,,,"6489051",,"false","false","-1.279422","116.812454","RM Bunaken Indah","12","+62 542 732022","$$ - $$$","185","58","No. 55 dari 245 Restoran di Balikpapan","4","RESTAURANT","https://www.tripadvisor.co.id/Restaurant_Review-g317100-d6489051-Reviews-RM_Bunaken_Indah-Balikpapan_East_Kalimantan_Kalimantan.html",
"Jln. H ARS. Muhammad 7 Gran Senyiur Hotel, 7th Floor, Balikpapan 76112 Indonesia","restaurant",,,,,,,,,,,,,,,,,,,,,,,,,,,,,,,,,,,,,,,,,,,"7913923","https://media-cdn.tripadvisor.com/media/photo-o/07/a6/91/fc/sky-grill-restaurant.jpg","false","false","-1.272809","116.83241","Sky Grill Restaurant","9","+62 542 820211","$$$$","185","59","No. 56 dari 245 Restoran di Balikpapan","4","RESTAURANT","https://www.tripadvisor.co.id/Restaurant_Review-g317100-d7913923-Reviews-Sky_Grill_Restaurant-Balikpapan_East_Kalimantan_Kalimantan.html","http://gran.senyiurhotels.com/restaurants/sky-grill-restaurant/#content"
"Jl. Marsma R Iswahyudi, Balikpapan Indonesia","restaurant",,,,,,,,,,,,,,,,,,,,,,,,,,,,,,,,,,,,,,,,,,,"6373741","https://media-cdn.tripadvisor.com/media/photo-o/07/e3/b3/16/ikan-cumi-udang-bakar.jpg","false","false","-1.25771","116.90578","Warung Ikan Bakar Pelangi","8",,"$$ - $$$","185","53","No. 50 dari 245 Restoran di Balikpapan","4.5","RESTAURANT","https://www.tripadvisor.co.id/Restaurant_Review-g317100-d6373741-Reviews-Warung_Ikan_Bakar_Pelangi-Balikpapan_East_Kalimantan_Kalimantan.html",
"Jln. Jendral Sudirman No 47 E-Walk Balikpapan, Stal Kuda, Balikpapan 76114 Indonesia","restaurant","Asia","Indonesia",,,,,,,,,,,,,,,,,,,,,,,,,,,,,,,,,,,,,,,,,"8388299","https://media-cdn.tripadvisor.com/media/photo-o/08/4b/f7/00/bakso-lapangan-tembak.jpg","false","false","-1.277344","116.83002","Bakso Lapangan Tembak Senayan E-Walk","13",,"$$ - $$$","185","57","No. 54 dari 245 Restoran di Balikpapan","3.5","RESTAURANT","https://www.tripadvisor.co.id/Restaurant_Review-g317100-d8388299-Reviews-Bakso_Lapangan_Tembak_Senayan_E_Walk-Balikpapan_East_Kalimantan_Kalimantan.html","http://baksolapangantembaksenayan.com/member/superblok"
"Jln. MT. Haryono, Balikpapan 76114 Indonesia","restaurant","Cina","Makanan Laut","Asia",,,,,,,,,,,,,,,,,,,,,,,,,,,,,,,,,,,,,,,,"7178576","https://media-cdn.tripadvisor.com/media/photo-o/10/da/e9/54/photo0jpg.jpg","false","false","-1.24892","116.87067","RM Dinasti","18","+62 542 877445","$$ - $$$","185","32","No. 32 dari 265 restoran di Balikpapan","4.5","RESTAURANT","https://www.tripadvisor.co.id/Restaurant_Review-g317100-d7178576-Reviews-Dinasti_Restaurant-Balikpapan_East_Kalimantan_Kalimantan.html",
"Jln. MT. Haryono No. 75, Balikpapan 76114 Indonesia","restaurant","Asia","Cajun & Creole","Makanan Laut","Makanan Bakar","Indonesia","Halal",,,,"Halal",,,,"rajaudangresto@gmail.com",,,,,,,,,,,,,,,,,,,,,,,,,,,,,"6550735","https://media-cdn.tripadvisor.com/media/photo-s/05/c0/2f/cf/getlstd-property-photo.jpg","false","false","-1.240047","116.87344","Raja Udang Resto","22","+62 542 765285","$$ - $$$","185","33","No. 33 dari 265 restoran di Balikpapan","4","RESTAURANT","https://www.tripadvisor.co.id/Restaurant_Review-g317100-d6550735-Reviews-Raja_Udang_Resto-Balikpapan_East_Kalimantan_Kalimantan.html","https://www.facebook.com/rajaudangresto/"
"Jl Kebun Sayur Pasar Kebun Sayur Balikpapan, Balikpapan 76131 Indonesia","restaurant","Makanan Laut","Indonesia","Asia","Halal",,,,,,"Halal",,,,,,,,,,,,,,,,,,,,,,,,,,,,,,,,,"7146235","https://media-cdn.tripadvisor.com/media/photo-o/0d/f6/83/19/photo1jpg.jpg","false","false","-1.235307","116.823494","Warung Haur Gading Balikpapan","55",,"$$ - $$$","185","26","No. 26 dari 265 restoran di Balikpapan","4","RESTAURANT","https://www.tripadvisor.co.id/Restaurant_Review-g317100-d7146235-Reviews-Warung_Haur_Gading_Balikpapan-Balikpapan_East_Kalimantan_Kalimantan.html",
"Jln. Mulawarman 03, Balikpapan 76115 Indonesia","restaurant","Bar","Internasional","Asia","Pub","Indonesia",,,,,,,,,"bbc_batakan@yahoo.com.sg",,,,,,,,,,,,,,,,,,,,,,,,,,,,,"4246555","https://media-cdn.tripadvisor.com/media/photo-o/03/ea/f3/29/getlstd-property-photo.jpg","false","false","-1.25525","116.92605","Batakan Beach Cafe","36","+62 542 750750","$$ - $$$","185","28","No. 28 dari 265 restoran di Balikpapan","4","RESTAURANT","https://www.tripadvisor.co.id/Restaurant_Review-g317100-d4246555-Reviews-Batakan_Beach_Cafe-Balikpapan_East_Kalimantan_Kalimantan.html","http://www.letseat.at/batakanbeachcafe"
"Jl. Sungai Ampal Ruko Pasar Segar RB 09, Balikpapan Indonesia","restaurant","Kafe",,,,,,,,,,,,,,,,,,,,,,,,,,,,,,,,,,,,,,,,,,"10213443","https://media-cdn.tripadvisor.com/media/photo-o/0d/e7/e6/77/photo3jpg.jpg","false","false","-1.244475","116.85818","Etnica Coffee & Kitchen","21","+62 812-3994-0098","$$ - $$$","185","34","No. 34 dari 265 restoran di Balikpapan","4","RESTAURANT","https://www.tripadvisor.co.id/Restaurant_Review-g317100-d10213443-Reviews-Etnica_Coffee_Kitchen-Balikpapan_East_Kalimantan_Kalimantan.html","https://www.facebook.com/pages/Etnica-Coffee-Kitchen/160286287980125?ref=br_rs"
"Jl. Mt Haryono Dalam no. 103 RT 040 Gn Bahagia, Balikpapan 76114 Indonesia","restaurant",,,,,,,,,,,,,,,,,,,,,,,,,,,,,,,,,,,,,,,,,,,"8298045","https://media-cdn.tripadvisor.com/media/photo-o/09/0b/fb/5c/depot-bintang-mawar-ayam.jpg","false","false","-1.24514","116.87182","Depot Bintang Mawar Ayam Pedas","17","+62 542 7127855","$$ - $$$","185","31","No. 31 dari 265 restoran di Balikpapan","4.5","RESTAURANT","https://www.tripadvisor.co.id/Restaurant_Review-g317100-d8298045-Reviews-Depot_Bintang_Mawar_Ayam_Pedas-Balikpapan_East_Kalimantan_Kalimantan.html",
"Jl. Marsma R. Iswahyudi Gunung Bakaran no. 124 blok A-2, Balikpapan Indonesia","restaurant","Makanan Laut","Asia","Indonesia",,,,,,,,,,,,,,,,,,,,,,,,,,,,,,,,,,,,,,,,"10195182","https://media-cdn.tripadvisor.com/media/photo-o/11/8f/04/03/20171221-131450-0-largejpg.jpg","false","false","-1.271415","116.87538","Restaurant Sea Food Apong","20","+62 542 8520571","$$ - $$$","185","30","No. 30 dari 265 restoran di Balikpapan","4.5","RESTAURANT","https://www.tripadvisor.co.id/Restaurant_Review-g317100-d10195182-Reviews-Restaurant_Sea_Food_Apong-Balikpapan_East_Kalimantan_Kalimantan.html",
"Jl. Jend. Ahmad Yani, RT. 41 no. 33, Gunung Sari Ilir, Balikpapan Indonesia","restaurant","Makanan Laut",,,,,,,,,,,,,,,,,,,,,,,,,,,,,,,,,,,,,,,,,,"8372869","https://media-cdn.tripadvisor.com/media/photo-o/08/40/94/9a/rumah-makan-teluk-bayur.jpg","false","false","-1.272867","116.83811","Rumah Makan Teluk Bayur","19","+62 542 421500","$$ - $$$","185","29","No. 29 dari 265 restoran di Balikpapan","4.5","RESTAURANT","https://www.tripadvisor.co.id/Restaurant_Review-g317100-d8372869-Reviews-Rumah_Makan_Teluk_Bayur-Balikpapan_East_Kalimantan_Kalimantan.html",
"Jl. Jendrl Sudirman no. 889 Blok C3 - C8 Sudirman Office Park, Balikpapan 76114 Indonesia",,"Cina","Asia","Makanan Sehat","Indonesia","Makanan Laut","Sesuai untuk Vegetarian","Pilihan Vegan","Pilihan Bebas Gluten",,"Sesuai untuk Vegetarian","Pilihan Vegan","Pilihan Bebas Gluten",,"thecoasthcr@gmail.com","1320","540",,,"1320","540",,,"1320","540",,,"1320","540",,,"1320","540",,,"1320","540",,,"1320","540",,,"10680445","https://media-cdn.tripadvisor.com/media/photo-o/10/ec/c9/e2/bali-dancer-cafe.jpg","true","false","-1.275362","116.87396","The Coast","16","+62 812-5390-8881","$",,,,"4.5","RESTAURANT","https://www.tripadvisor.co.id/Restaurant_Review-g317100-d10680445-Reviews-The_Coast-Balikpapan_East_Kalimantan_Kalimantan.html","http://www.facebook.com/thecoast.bpn"
"Jl. Jenderal Sudirman No.93 Klandasan Ilir, Balikpapan Indonesia","restaurant",,,,,,,,,,,,,,,,,,,,,,,,,,,,,,,,,,,,,,,,,,,"14140822","https://media-cdn.tripadvisor.com/media/photo-m/1280/16/c3/89/87/photo0jpg.jpg","false","false","-1.277437","116.828514","Depot Miki","7","+62 542 424652",,"185","55","No. 52 dari 245 Restoran di Balikpapan","4","RESTAURANT","https://www.tripadvisor.co.id/Restaurant_Review-g317100-d14140822-Reviews-Depot_Miki-Balikpapan_East_Kalimantan_Kalimantan.html",
"Jln. Brigjen Waluyo Puspoyudo no. 31, Balikpapan 76112 Indonesia","restaurant","Asia","Indonesia",,,,,,,,,,,,,,,,,,,,,,,,,,,,,,,,,,,,,,,,,"8028212","https://media-cdn.tripadvisor.com/media/photo-o/07/d0/a6/3a/getlstd-property-photo.jpg","false","false","-1.273564","116.82991","Kapok Lombok Resto","18","+62 813-5145-5100","$","185","70","No. 67 dari 245 Restoran di Balikpapan","3.5","RESTAURANT","https://www.tripadvisor.co.id/Restaurant_Review-g317100-d8028212-Reviews-Kapok_Lombok_Resto-Balikpapan_East_Kalimantan_Kalimantan.html","https://www.facebook.com/pages/Kapok-Lombok-Resto/454789131351403"
"Jln. Jendral Sudirman No. 1 Plaza Balikpapan, Balikpapan 76112 Indonesia","restaurant","Makanan Cepat Saji","Amerika",,,,,,,,,,,,,,,,,,,,,,,,,,,,,,,,,,,,,,,,,"6488939","https://media-cdn.tripadvisor.com/media/photo-o/0b/c6/8a/32/rice-box.jpg","false","false","-1.277929","116.82593","Kentucky Fried Chicken (Kfc)","20","+62 542 734225","$$ - $$$","185","62","No. 59 dari 245 Restoran di Balikpapan","3.5","RESTAURANT","https://www.tripadvisor.co.id/Restaurant_Review-g317100-d6488939-Reviews-Kentucky_Fried_Chicken_Kfc-Balikpapan_East_Kalimantan_Kalimantan.html",
"Balikpapan baru b2, Balikpapan Indonesia","restaurant","Cina",,,,,,,,,,,,,,,,,,,,,,,,,,,,,,,,,,,,,,,,,,"4607122","https://media-cdn.tripadvisor.com/media/photo-o/07/e4/b2/34/kantin-inter-masakan.jpg","false","false","-1.24025","116.8684","Kantin inter masakan medan","5",,,"185","61","No. 58 dari 245 Restoran di Balikpapan","5","RESTAURANT","https://www.tripadvisor.co.id/Restaurant_Review-g317100-d4607122-Reviews-Kantin_inter_masakan_medan-Balikpapan_East_Kalimantan_Kalimantan.html",
"Jl. Arjuna RT 056 no 08 Gn. Polisi, Balikpapan 76131 Indonesia","restaurant",,,,,,,,,,,,,,"naturalkopi@gmail.com","1380","960",,,"1380","960",,,"1380","960",,,"1380","960",,,"1380","960",,,"1380","960",,,"1380","960",,,"12550230","https://media-cdn.tripadvisor.com/media/photo-o/0f/9e/13/21/coffee-shop-with-a-manual.jpg","false","false","-1.252292","116.91827","Natural Kopi","5","+62 852-2989-6555","$","185","68","No. 65 dari 245 Restoran di Balikpapan","4.5","RESTAURANT","https://www.tripadvisor.co.id/Restaurant_Review-g317100-d12550230-Reviews-Natural_Kopi-Balikpapan_East_Kalimantan_Kalimantan.html","http://tokopedia.link/6EA3M21otV"
"Jl. Indrakila 85 samping Asrama Yatim, Balikpapan 76114 Indonesia","restaurant",,,,,,,,,,,,,,"salam@meracikopi.com","1380","660",,,,,,,"1380","660",,,"1380","660",,,"1380","660",,,"1380","660",,,"1380","660",,,"14890689","https://media-cdn.tripadvisor.com/media/photo-m/1280/13/d4/33/0c/meracikopi.jpg","false","false","-1.224278","116.86655","Meracikopi","4","+62 838-4044-4888",,"185","63","No. 60 dari 245 Restoran di Balikpapan","5","RESTAURANT","https://www.tripadvisor.co.id/Restaurant_Review-g317100-d14890689-Reviews-Meracikopi-Balikpapan_East_Kalimantan_Kalimantan.html","https://www.facebook.com/meracikopi/"
"Jln. Jendral Sudirman Komp. Ruko Bandar Blok K 5, Balikpapan 76112 Indonesia","restaurant","Kafe",,,,,,,,,,,,,,,,,,,,,,,,,,,,,,,,,,,,,,,,,,"6487849","https://media-cdn.tripadvisor.com/media/photo-o/0a/ff/a9/2e/img-9742-largejpg.jpg","false","false","-1.27139","116.85344","Lotus Cafe","14","+62 542 731757","$","185","69","No. 66 dari 245 Restoran di Balikpapan","3.5","RESTAURANT","https://www.tripadvisor.co.id/Restaurant_Review-g317100-d6487849-Reviews-Lotus_Cafe-Balikpapan_East_Kalimantan_Kalimantan.html","https://website-2717149562994406130132-cafe.business.site/"
"Jl. Mayjend Sutoyo No.65, RT.2 Klandasan Ilir, Balikpapan 76114 Indonesia","restaurant","Asia","Indonesia",,,,,,,,,,,,,,,,,,,,,,,,,,,,,,,,,,,,,,,,,"8486348","https://media-cdn.tripadvisor.com/media/photo-o/08/93/ac/73/bakso-enak.jpg","false","false","-1.273024","116.845924","Mie Ayam & Bakso Kolor Ijo","10","+62 813-4732-0570",,"185","64","No. 61 dari 245 Restoran di Balikpapan","4","RESTAURANT","https://www.tripadvisor.co.id/Restaurant_Review-g317100-d8486348-Reviews-Mie_Ayam_Bakso_Kolor_Ijo-Balikpapan_East_Kalimantan_Kalimantan.html",
"Jln. Jendral Sudirman no. 7 Aston Hotel, Balikpapan 76113 Indonesia","restaurant","Cina","Eropa","Asia","Indonesia",,,,,,,,,,,,,,,,,,,,,,,,,,,,,,,,,,,,,,,"7178684","https://media-cdn.tripadvisor.com/media/photo-o/06/ce/56/ea/outdoor-seats.jpg","false","false","-1.277295","116.83278","The East 1","8","+62 542 733999","$$ - $$$","185","67","No. 64 dari 245 Restoran di Balikpapan","4","RESTAURANT","https://www.tripadvisor.co.id/Restaurant_Review-g317100-d7178684-Reviews-The_East_1-Balikpapan_East_Kalimantan_Kalimantan.html",
"Jln. Jendral Sudirman no. 47 Ground Floor Pentacity Shopping Venue, Balikpapan 76112 Indonesia","restaurant","Eropa","Asia",,,,,,,,,,,,"blendbalikpapan@gmail.com",,,,,,,,,,,,,,,,,,,,,,,,,,,,,"10214583","https://media-cdn.tripadvisor.com/media/photo-o/0b/1a/d4/30/interior-of-blend.jpg","false","false","-1.277344","116.83002","Blend Wine & Co","12","+62 822-5585-0789","$$ - $$$","185","65","No. 62 dari 245 Restoran di Balikpapan","4","RESTAURANT","https://www.tripadvisor.co.id/Restaurant_Review-g317100-d10214583-Reviews-Blend_Wine_Co-Balikpapan_East_Kalimantan_Kalimantan.html",
"Jl. Jenderal Sudirman Pantai Banua Patra, Balikpapan Indonesia","restaurant",,,,,,,,,,,,,,,"1380","600",,,"1320","600",,,"1320","600",,,"1320","600",,,"1320","600",,,"1320","600",,,"1380","600",,,"10692324","https://media-cdn.tripadvisor.com/media/photo-o/1b/2d/59/7b/nyiurku-beach-resto.jpg","false","false","-1.280833","116.81438","Restoran Nyiurku","6","+62 811-597-518",,"185","66","No. 63 dari 245 Restoran di Balikpapan","4.5","RESTAURANT","https://www.tripadvisor.co.id/Restaurant_Review-g317100-d10692324-Reviews-Nyiurku_Beach_Resto-Balikpapan_East_Kalimantan_Kalimantan.html","http://www.facebook.com/NyiurkuBeachResto"
"Jl. Marsma R. Iswahyudi no.3 Adjacent to Sepinggan International Airport, Balikpapan Indonesia","restaurant",,,,,,,,,,,,,,,,,,,,,,,,,,,,,,,,,,,,,,,,,,,"7824750","https://media-cdn.tripadvisor.com/media/photo-o/0d/c0/b3/63/warung-ikan-bakar-malvinas.jpg","false","false","-1.26181","116.89352","Warung Ikan Bakar Malvinas","6","+62 542 760731","$$ - $$$","185","74","No. 71 dari 245 Restoran di Balikpapan","4.5","RESTAURANT","https://www.tripadvisor.co.id/Restaurant_Review-g317100-d7824750-Reviews-Warung_Ikan_Bakar_Malvinas-Balikpapan_East_Kalimantan_Kalimantan.html",
"Jl. Yos Sudarso no. 72, Balikpapan Indonesia","restaurant","Makanan Laut",,,,,,,,,,,,,,,,,,,,,,,,,,,,,,,,,,,,,,,,,,"7939696","https://media-cdn.tripadvisor.com/media/photo-o/07/bd/f8/bf/rumah-makan-pondok-kelapa.jpg","false","false","-1.14029","116.99923","Rumah Makan Pondok Kelapa","14","+62 542 733956","$$ - $$$","185","77","No. 74 dari 245 Restoran di Balikpapan","3.5","RESTAURANT","https://www.tripadvisor.co.id/Restaurant_Review-g317100-d7939696-Reviews-Rumah_Makan_Pondok_Kelapa-Balikpapan_East_Kalimantan_Kalimantan.html",
"Jl. MT Haryono Gedung Giant Ekstra, Lantai Dasar Unit. 1-2, Balikpapan Indonesia","restaurant","Asia","Indonesia",,,,,,,,,,,,,,,,,,,,,,,,,,,,,,,,,,,,,,,,,"11638527","https://media-cdn.tripadvisor.com/media/photo-w/1a/6d/70/aa/ex-bangi-kopitiam-sekarang.jpg","false","false","-1.24892","116.87067","Bangi Kopitiam","7","+62 542 8810933","$$ - $$$","185","73","No. 70 dari 245 Restoran di Balikpapan","4","RESTAURANT","https://www.tripadvisor.co.id/Restaurant_Review-g317100-d11638527-Reviews-Bangi_Kopitiam-Balikpapan_East_Kalimantan_Kalimantan.html","http://www.facebook.com/Bangi-Kopitiam-Balikpapan-744359052339348/"
"Jln. Jendral Sudirman no. 47 E-Walk Balikpapan Super Block, Lt. UG Unit 18-19, Balikpapan 76113 Indonesia","restaurant","Asia","Indonesia",,,,,,,,,,,,,,,,,,,,,,,,,,,,,,,,,,,,,,,,,"6490118","https://media-cdn.tripadvisor.com/media/photo-o/08/36/54/d0/solaria.jpg","false","false","-1.277344","116.83002","Solaria","47","+62 542 7213822","$$ - $$$","185","78","No. 75 dari 245 Restoran di Balikpapan","3.5","RESTAURANT","https://www.tripadvisor.co.id/Restaurant_Review-g317100-d6490118-Reviews-Solaria-Balikpapan_East_Kalimantan_Kalimantan.html","https://www.facebook.com/Solaria-Indonesia-248131285339678/"
"Jl. Sungai Ampal No. 23,, Balikpapan 76113 Indonesia","restaurant","Asia","Indonesia",,,,,,,,,,,,,,,,,,,,,,,,,,,,,,,,,,,,,,,,,"13328628","https://media-cdn.tripadvisor.com/media/photo-o/12/0e/d9/b8/20180117-083058-largejpg.jpg","false","false","-1.24567","116.85709","Nasi Kuning H Daud","5",,,"185","71","No. 68 dari 245 Restoran di Balikpapan","4","RESTAURANT","https://www.tripadvisor.co.id/Restaurant_Review-g317100-d13328628-Reviews-Nasi_Kuning_H_Daud-Balikpapan_East_Kalimantan_Kalimantan.html",
"Jln. MT. Haryono No. 8C, Balikpapan 76126 Indonesia","restaurant","Kafe",,,,,,,,,,,,,,,,,,,,,,,,,,,,,,,,,,,,,,,,,,"6488289","https://media-cdn.tripadvisor.com/media/photo-o/15/37/56/ca/20181017-203903-largejpg.jpg","false","false","-1.268906","116.85675","Excelso Express","6",,,"185","79","No. 76 dari 245 Restoran di Balikpapan","4","RESTAURANT","https://www.tripadvisor.co.id/Restaurant_Review-g317100-d6488289-Reviews-Excelso_Express-Balikpapan_East_Kalimantan_Kalimantan.html",
"Jln. Tanjungpura I 13, Balikpapan 76112 Indonesia","restaurant",,,,,,,,,,,,,,,,,,,,,,,,,,,,,,,,,,,,,,,,,,,"6489004","https://media-cdn.tripadvisor.com/media/photo-o/06/eb/1e/6a/sate-ayam-lengkap.jpg","false","false","-1.27284","116.8264","RM Tanjung Hijrah","10","+62 542 411301","$$ - $$$","185","72","No. 69 dari 245 Restoran di Balikpapan","4","RESTAURANT","https://www.tripadvisor.co.id/Restaurant_Review-g317100-d6489004-Reviews-RM_Tanjung_Hijrah-Balikpapan_East_Kalimantan_Kalimantan.html",
"Jln. Jendral Sudirman No. 88, Balikpapan 76114 Indonesia","restaurant","Asia","Indonesia",,,,,,,,,,,,,,,,,,,,,,,,,,,,,,,,,,,,,,,,,"10137336",,"false","false","-1.277533","116.827736","Bebek Goreng Jumbo Pak Asman","7",,"$","185","76","No. 73 dari 245 Restoran di Balikpapan","4","RESTAURANT","https://www.tripadvisor.co.id/Restaurant_Review-g317100-d10137336-Reviews-Bebek_Goreng_Jumbo_Pak_Asman-Balikpapan_East_Kalimantan_Kalimantan.html",
"Jl. Gajahmada no. 2 Hotel Menara Bahtera, Balikpapan 76113 Indonesia","restaurant","Cina","Eropa","Asia","Indonesia","Amerika Selatan",,,,,,,,,"bahterabpn@bahterahotel.com",,,,,,,,,,,,,,,,,,,,,,,,,,,,,"10607151","https://media-cdn.tripadvisor.com/media/photo-o/0c/44/a4/01/cozy-spot.jpg","false","false","-1.276081","116.83906","Harbour Coffee Housee","5","+62 542 738000","$","185","75","No. 72 dari 245 Restoran di Balikpapan","4.5","RESTAURANT","https://www.tripadvisor.co.id/Restaurant_Review-g317100-d10607151-Reviews-Harbour_Coffee_Housee-Balikpapan_East_Kalimantan_Kalimantan.html",
"Jl, Balikpapan Indonesia","restaurant","Asia","Indonesia",,,,,,,,,,,,,,,,,,,,,,,,,,,,,,,,,,,,,,,,,"7723804","https://media-cdn.tripadvisor.com/media/photo-o/0b/c2/d4/66/suasana-rumah-makan.jpg","false","false","-1.27314","116.83846","ayam penyet suroboyo","8","+62 542 424161","$","185","80","No. 77 dari 245 Restoran di Balikpapan","4","RESTAURANT","https://www.tripadvisor.co.id/Restaurant_Review-g317100-d7723804-Reviews-Ayam_penyet_suroboyo-Balikpapan_East_Kalimantan_Kalimantan.html",
"401, Jalan Jend. A. Yani, Balikpapan Indonesia","restaurant","Asia","Indonesia",,,,,,,,,,,,,,,,,,,,,,,,,,,,,,,,,,,,,,,,,"4507013","https://media-cdn.tripadvisor.com/media/photo-o/09/aa/b3/2e/amplang-dengan-rasa-yg.jpg","false","false","-1.26738","116.837","Amplang Karya Utama Kita","8","+62 812-5307-0708",,"185","89","No. 86 dari 245 Restoran di Balikpapan","4","RESTAURANT","https://www.tripadvisor.co.id/Restaurant_Review-g317100-d4507013-Reviews-Amplang_Karya_Utama_Kita-Balikpapan_East_Kalimantan_Kalimantan.html",
"Jl. Jend. Sudirman No. 33 RT 049, Balikpapan 76114 Indonesia","restaurant","Asia","Pub","Indonesia",,,,,,,,,,,,,,,,,,,,,,,,,,,,,,,,,,,,,,,,"7175245","https://media-cdn.tripadvisor.com/media/photo-o/06/d4/a0/60/joy-s-beef-burger-with.jpg","false","false","-1.27531","116.86555","Joy's Bar & Restaurant","7","+62 542 760307","$$ - $$$","185","81","No. 78 dari 245 Restoran di Balikpapan","4","RESTAURANT","https://www.tripadvisor.co.id/Restaurant_Review-g317100-d7175245-Reviews-Joy_s_Bar_Restaurant-Balikpapan_East_Kalimantan_Kalimantan.html",
"Jln. MT. Haryono, Balikpapan 76114 Indonesia","restaurant","Asia","Indonesia",,,,,,,,,,,,,,,,,,,,,,,,,,,,,,,,,,,,,,,,,"8549299","https://media-cdn.tripadvisor.com/media/photo-w/08/be/5c/cd/mie-jogja-pak-karso.jpg","false","false","-1.24886","116.87067","Mie Jogja Pak Karso","7",,,"185","83","No. 80 dari 245 Restoran di Balikpapan","4","RESTAURANT","https://www.tripadvisor.co.id/Restaurant_Review-g317100-d8549299-Reviews-Mie_Jogja_Pak_Karso-Balikpapan_East_Kalimantan_Kalimantan.html",
"Jl. Jendral Sudirman, Balikpapan 76614 Indonesia","restaurant","Italia","Cina","Asia","Indonesia",,,,,,,,,,"febri.ptbos@gmail.com","1410","540",,,"1410","540",,,"1410","540",,,"1410","540",,,"1410","540",,,"1410","540",,,"1410","540",,,"10677007","https://media-cdn.tripadvisor.com/media/photo-o/0c/92/d4/e6/jimbaran-restaurant.jpg","false","false","-1.280417","116.81834","Kemala Beach & Resto","12","+62 813-5123-5032","$","185","86","No. 83 dari 245 Restoran di Balikpapan","3.5","RESTAURANT","https://www.tripadvisor.co.id/Restaurant_Review-g317100-d10677007-Reviews-Kemala_Beach_Resto-Balikpapan_East_Kalimantan_Kalimantan.html",
"Ruko Bandar Kompleks Blok E-12A Klandasan Ulu, Balikpapan 76112 Indonesia","restaurant","India",,,,,,,,,,,,,,"1350","660",,,"1320","660",,,"1320","660",,,"1320","660",,,"1320","660",,,"1320","660",,,"1350","660",,,"7825128","https://media-cdn.tripadvisor.com/media/photo-o/0a/25/be/a9/bombay-curry-house-is.jpg","false","false","-1.277978","116.83438","Bombay Curry Resto & Cafe","11","+62 542 764105","$$ - $$$","185","88","No. 85 dari 245 Restoran di Balikpapan","3.5","RESTAURANT","https://www.tripadvisor.co.id/Restaurant_Review-g317100-d7825128-Reviews-Bombay_Curry_Resto_Cafe-Balikpapan_East_Kalimantan_Kalimantan.html",
"Jl. Jenderal Sudirman No.47, Balikpapan 76114 Indonesia","restaurant","Bar",,,,,,,,,,,,,,,,,,,,,,,,,,,,,,,,,,,,,,,,,,"7178582","https://media-cdn.tripadvisor.com/media/photo-o/06/cf/bb/66/heart-of-borneo.jpg","false","false","-1.27519","116.84593","Heart of Borneo","13","+62 853-8742-0187","$$ - $$$","185","85","No. 82 dari 245 Restoran di Balikpapan","3.5","RESTAURANT","https://www.tripadvisor.co.id/Restaurant_Review-g317100-d7178582-Reviews-Heart_of_Borneo-Balikpapan_East_Kalimantan_Kalimantan.html",
"Ruko Balikpapan Baru, Balikpapan 76114 Indonesia","restaurant",,,,,,,,,,,,,,,,,,,,,,,,,,,,,,,,,,,,,,,,,,,"8761509","https://media-cdn.tripadvisor.com/media/photo-o/0d/df/85/6c/new-shangrila.jpg","false","false","-1.2399","116.87324","New Shangrila","4",,,"185","90","No. 87 dari 245 Restoran di Balikpapan","4","RESTAURANT","https://www.tripadvisor.co.id/Restaurant_Review-g317100-d8761509-Reviews-New_Shangrila-Balikpapan_East_Kalimantan_Kalimantan.html",
"Jl Soekarno Hatta No.1 Rapak Plaza, Balikpapan Indonesia","restaurant","Amerika",,,,,,,,,,,,,,,,,,,,,,,,,,,,,,,,,,,,,,,,,,"4233761","https://media-cdn.tripadvisor.com/media/photo-o/09/89/1d/3d/kfc-plaza-rapak.jpg","false","false","-1.24132","116.83576","KFC Plaza Rapak","9","+62 542 747806",,"185","84","No. 81 dari 245 Restoran di Balikpapan","3.5","RESTAURANT","https://www.tripadvisor.co.id/Restaurant_Review-g317100-d4233761-Reviews-KFC_Plaza_Rapak-Balikpapan_East_Kalimantan_Kalimantan.html","http://www.kfcku.com/"
"Jl. MT. Haryono, Balikpapan Indonesia","restaurant",,,,,,,,,,,,,,,,,,,,,,,,,,,,,,,,,,,,,,,,,,,"11742079","https://media-cdn.tripadvisor.com/media/photo-o/0e/50/91/4f/mtf-ieclj-108-largejpg.jpg","false","false","-1.22611","116.86778","Konro Puncak","8","+62 542 415770",,"185","82","No. 79 dari 245 Restoran di Balikpapan","4","RESTAURANT","https://www.tripadvisor.co.id/Restaurant_Review-g317100-d11742079-Reviews-Konro_Puncak-Balikpapan_East_Kalimantan_Kalimantan.html",
"Jl. MT. Haryono Samping Perumahan Citra Land, Balikpapan Indonesia","restaurant","Asia","Indonesia",,,,,,,,,,,,,,,,,,,,,,,,,,,,,,,,,,,,,,,,,"10428280",,"false","false","-1.24892","116.87067","Kepala Ikan Bang Djoni","5",,"$$ - $$$","185","87","No. 84 dari 245 Restoran di Balikpapan","4","RESTAURANT","https://www.tripadvisor.co.id/Restaurant_Review-g317100-d10428280-Reviews-Kepala_Ikan_Bang_Djoni-Balikpapan_East_Kalimantan_Kalimantan.html",
"Jl. MT Haryono dekat lampu merah BDS, Balikpapan Indonesia","restaurant",,,,,,,,,,,,,,,,,,,,,,,,,,,,,,,,,,,,,,,,,,,"16871816","https://media-cdn.tripadvisor.com/media/photo-o/18/af/7c/76/20190731-125750-largejpg.jpg","false","false","-1.25993","116.866776","Gelatopia","2",,"$","185","94","No. 91 dari 245 Restoran di Balikpapan","5","RESTAURANT","https://www.tripadvisor.co.id/Restaurant_Review-g317100-d16871816-Reviews-Gelatopia-Balikpapan_East_Kalimantan_Kalimantan.html",
"Jln. Jendral Sudirman Balikpapan Superblock E. Walk Mall Lt. I, Balikpapan 76114 Indonesia","restaurant","Asia","Indonesia",,,,,,,,,,,,,,,,,,,,,,,,,,,,,,,,,,,,,,,,,"8520148","https://media-cdn.tripadvisor.com/media/photo-w/08/b0/19/35/new-star-kopitiam.jpg","false","false","-1.27531","116.86555","New Star Kopitiam","8",,"$$ - $$$","185","97","No. 93 dari 245 Restoran di Balikpapan","3.5","RESTAURANT","https://www.tripadvisor.co.id/Restaurant_Review-g317100-d8520148-Reviews-New_Star_Kopitiam-Balikpapan_East_Kalimantan_Kalimantan.html",
"Jl. Mayjend Sutoyo, Balikpapan Indonesia","restaurant","Italia",,,,,,,,,,,,,,"1380","660",,,,,,,"1380","660",,,"1380","660",,,"1380","660",,,"1380","660",,,"1380","660",,,"9792874","https://media-cdn.tripadvisor.com/media/photo-o/12/0a/27/2e/img-20171216-095208-081.jpg","false","false","-1.26298","116.84057","Primlicious Cafe","3","+62 813-1981-1150",,"185","99","No. 95 dari 245 Restoran di Balikpapan","5","RESTAURANT","https://www.tripadvisor.co.id/Restaurant_Review-g317100-d9792874-Reviews-Primlicious_Cafe-Balikpapan_East_Kalimantan_Kalimantan.html","http://www.facebook.com/PrimliciousCafe"
"Jln. Jendral Sudirman no. 47 Balikpapan E-Walk, Balikpapan 76114 Indonesia","restaurant","Asia","Indonesia",,,,,,,,,,,,,,,,,,,,,,,,,,,,,,,,,,,,,,,,,"8388298","https://media-cdn.tripadvisor.com/media/photo-o/08/4b/f7/a0/teapresso.jpg","false","false","-1.277344","116.83002","Teapresso","10",,"$$ - $$$","185","100","No. 2 dari 3 Makanan Penutup di Balikpapan","3.5","RESTAURANT","https://www.tripadvisor.co.id/Restaurant_Review-g317100-d8388298-Reviews-Teapresso-Balikpapan_East_Kalimantan_Kalimantan.html","http://www.loveteapresso.com/menu.html"
"Jln. Jendral Sudirman 18, Balikpapan 76112 Indonesia","restaurant","Makanan Laut",,,,,,,,,,,,,,,,,,,,,,,,,,,,,,,,,,,,,,,,,,"7653723",,"false","false","-1.277295","116.83298","Pondok Ikan Bakar Segiri","6","+62 542 410998",,"185","95","No. 92 dari 245 Restoran di Balikpapan","4","RESTAURANT","https://www.tripadvisor.co.id/Restaurant_Review-g317100-d7653723-Reviews-Pondok_Ikan_Bakar_Segiri-Balikpapan_East_Kalimantan_Kalimantan.html",
"Jl. Warukin Persiba Stadium, Balikpapan Indonesia","restaurant",,,,,,,,,,,,,,,,,,,,,,,,,,,,,,,,,,,,,,,,,,,"10669694","https://media-cdn.tripadvisor.com/media/photo-o/0c/82/cb/b4/gado-gado-siram-es-kelapa.jpg","false","false","-1.24307","116.82997","Gado-Gado Siram Persiba","5",,,"185","98","No. 94 dari 245 Restoran di Balikpapan","4","RESTAURANT","https://www.tripadvisor.co.id/Restaurant_Review-g317100-d10669694-Reviews-Gado_Gado_Siram_Persiba-Balikpapan_East_Kalimantan_Kalimantan.html",
"Jl. Jendral Sudirman no. 16, Balikpapan 76112 Indonesia","restaurant","Jepang","Sushi","Asia",,,,,,,,,,,,,,,,,,,,,,,,,,,,,,,,,,,,,,,,"6876686","https://media-cdn.tripadvisor.com/media/photo-o/07/09/85/19/d-sushi.jpg","false","false","-1.273127","116.84796","D' Sushi","33","+62 542 7219560","$$ - $$$","185","91","No. 88 dari 245 Restoran di Balikpapan","3.5","RESTAURANT","https://www.tripadvisor.co.id/Restaurant_Review-g317100-d6876686-Reviews-D_Sushi-Balikpapan_East_Kalimantan_Kalimantan.html","http://www.desushi.biz/front/index.php"
"Jln. Pranoto APT 5/21, Balikpapan 76112 Indonesia","restaurant","Makanan Laut",,,,,,,,,,,,,,,,,,,,,,,,,,,,,,,,,,,,,,,,,,"6489011",,"false","false","-1.27497","116.83673","RM Ujung Pandang","5","+62 542 734440",,"185","93","No. 90 dari 245 Restoran di Balikpapan","4","RESTAURANT","https://www.tripadvisor.co.id/Restaurant_Review-g317100-d6489011-Reviews-RM_Ujung_Pandang-Balikpapan_East_Kalimantan_Kalimantan.html",
"Jl. MT Haryono No 1 Giant Extra MT Haryono, Balikpapan 76114 Indonesia","restaurant","Kafe",,,,,,,,,,,,,"breadtalk@johnnyandrean.com",,,,,,,,,,,,,,,,,,,,,,,,,,,,,"10509825","https://media-cdn.tripadvisor.com/media/photo-o/0b/e2/b5/0f/choco.jpg","false","false","-1.265591","116.858765","BreadTalk","6",,,"185","96","No. 1 dari 3 Toko Roti di Balikpapan","4","RESTAURANT","https://www.tripadvisor.co.id/Restaurant_Review-g317100-d10509825-Reviews-BreadTalk-Balikpapan_East_Kalimantan_Kalimantan.html","http://www.breadtalk.co.id/"
"Jl. Letjend. Suprapto, Balikpapan Indonesia","restaurant","Makanan Laut",,,,,,,,,,,,,,,,,,,,,,,,,,,,,,,,,,,,,,,,,,"6487985",,"false","false","-1.23436","116.82006","Warung Segeri","5","+62 542 419609",,"185","92","No. 89 dari 245 Restoran di Balikpapan","4","RESTAURANT","https://www.tripadvisor.co.id/Restaurant_Review-g317100-d6487985-Reviews-Warung_Segeri-Balikpapan_East_Kalimantan_Kalimantan.html",
"Jl. Jendral Sudirman no. 18, Balikpapan 76112 Indonesia","restaurant","Asia","Indonesia",,,,,,,,,,,,,,,,,,,,,,,,,,,,,,,,,,,,,,,,,"4053539","https://media-cdn.tripadvisor.com/media/photo-s/06/63/8c/a8/mie-bakso-pasar-baru.jpg","false","false","-1.277295","116.83298","Bakso Sapi Pasar Baru","31","+62 542 423198","$$ - $$$","185","27","No. 27 dari 265 restoran di Balikpapan","4","RESTAURANT","https://www.tripadvisor.co.id/Restaurant_Review-g317100-d4053539-Reviews-Bakso_Sapi_Pasar_Baru-Balikpapan_East_Kalimantan_Kalimantan.html",
"Jln. Jendral Sudirman Markoni, Sesudah Bakso & Mie Ayam Likmin, Balikpapan 76114 Indonesia","restaurant","Cina","Asia","Indonesia",,,,,,,,,,,,,,,,,,,,,,,,,,,,,,,,,,,,,,,,"8513633","https://media-cdn.tripadvisor.com/media/photo-o/08/ee/7b/19/depot-simpang-empat.jpg","false","false","-1.27531","116.86555","Depot Simpang Empat","32",,"$","185","9","No. 9 dari 265 restoran di Balikpapan","4.5","RESTAURANT","https://www.tripadvisor.co.id/Restaurant_Review-g317100-d8513633-Reviews-Depot_Simpang_Empat-Balikpapan_East_Kalimantan_Kalimantan.html","http://dapurbalikpapan.blogspot.com/2012/01/depot-simpang-empat-kebun-sayur.html"
"Jl. Jenderal Sudirman No.69 Pasar Klandasan Balikpapan, Balikpapan 76112 Indonesia","restaurant",,,,,,,,,,,,,,,,,,,,,,,,,,,,,,,,,,,,,,,,,,,"10528964","https://media-cdn.tripadvisor.com/media/photo-o/0e/9a/88/c8/photo2jpg.jpg","false","false","-1.277993","116.832825","Coto Makassar Klandasan Hj. Kasim","19","+62 852-4653-8353","$","185","35","No. 35 dari 265 restoran di Balikpapan","4","RESTAURANT","https://www.tripadvisor.co.id/Restaurant_Review-g317100-d10528964-Reviews-Coto_Makassar_Klandasan_Hj_Kasim-Balikpapan_East_Kalimantan_Kalimantan.html",
"Jalan Iswahyudi no.4, Balikpapan Indonesia","restaurant","Makanan Laut","Asia","Indonesia","Halal",,,,,,"Halal",,,,,,,,,,,,,,,,,,,,,,,,,,,,,,,,,"1522919","https://media-cdn.tripadvisor.com/media/photo-o/0d/60/76/78/mtf-ewhrc-526-largejpg.jpg","false","false","-1.267911","116.87801","Kepiting Kenari","261","+62 542 764018","$$ - $$$","185","3","No. 3 dari 265 restoran di Balikpapan","4","RESTAURANT","https://www.tripadvisor.co.id/Restaurant_Review-g317100-d1522919-Reviews-Kepiting_Kenari-Balikpapan_East_Kalimantan_Kalimantan.html","http://www.facebook.com/pages/category/Diner/Kepiting-Kenari-Cabang-Tarakan-660487490778373/"
"Jln. Mulawarman, Balikpapan 76115 Indonesia","restaurant","Makanan Laut","Asia","Indonesia",,,,,,,,,,,,,,,,,,,,,,,,,,,,,,,,,,,,,,,,"8597797","https://media-cdn.tripadvisor.com/media/photo-o/09/b1/8a/83/ikan-bakar-selat-makassar.jpg","false","false","-1.25528","116.92601","Ikan Bakar Selat Makassar","14","+62 813-4714-1474","$$ - $$$","185","36","No. 36 dari 265 restoran di Balikpapan","4","RESTAURANT","https://www.tripadvisor.co.id/Restaurant_Review-g317100-d8597797-Reviews-Ikan_Bakar_Selat_Makassar-Balikpapan_East_Kalimantan_Kalimantan.html",
"Jl. Jenderal Ahmad Yani No. 01 Gunungsari Ilir, Balikpapan 76113 Indonesia","restaurant","Indonesia","Asia","Sup","Halal",,,,,,"Halal",,,,,,,,,,,,,,,,,,,,,,,,,,,,,,,,,"8858596","https://media-cdn.tripadvisor.com/media/photo-o/09/cf/7c/9d/soto-banjar-kuin-abdhu.jpg","false","false","-1.26875","116.83731","Soto Banjar Kuin Abdhu","39","+62 542 410954","$","185","8","No. 8 dari 265 restoran di Balikpapan","4","RESTAURANT","https://www.tripadvisor.co.id/Restaurant_Review-g317100-d8858596-Reviews-Soto_Banjar_Kuin_Abdhu-Balikpapan_East_Kalimantan_Kalimantan.html",
"Jl. Jenderal Ahmad Yani No. 1 Klandasan Ilir, Balikpapan 76113 Indonesia","restaurant","Makanan Laut","Asia","Indonesia","Sesuai untuk Vegetarian",,,,,,"Sesuai untuk Vegetarian",,,,,,,,,,,,,,,,,,,,,,,,,,,,,,,,,"1076358","https://media-cdn.tripadvisor.com/media/photo-o/0a/d7/2a/19/photo5jpg.jpg","false","false","-1.273471","116.83863","Bondy Restaurant","141","+62 542 411150","$$ - $$$","185","5","No. 5 dari 265 restoran di Balikpapan","4","RESTAURANT","https://www.tripadvisor.co.id/Restaurant_Review-g317100-d1076358-Reviews-Bondy_Restaurant-Balikpapan_East_Kalimantan_Kalimantan.html","http://www.facebook.com/Bondyseafood/"
"Jl. Ruhui Rahayu no. 4, Balikpapan 76114 Indonesia","restaurant",,,,,,,,,,,,,,,"1320","960",,,"1320","600",,,,,,,"1320","600",,,"1320","600",,,"1380","600",,,"1380","600",,,"8644439","https://media-cdn.tripadvisor.com/media/photo-o/0a/b3/b7/4b/warm-place.jpg","false","false","-1.24319","116.89651","Pot O' Koffie","11","+62 542 8511061","$$ - $$$","185","39","No. 39 dari 265 restoran di Balikpapan","4.5","RESTAURANT","https://www.tripadvisor.co.id/Restaurant_Review-g317100-d8644439-Reviews-Pot_O_Koffie-Balikpapan_East_Kalimantan_Kalimantan.html",
"Jl. Marsma Iswahyadi no. 71, Balikpapan 76114 Indonesia","restaurant","Makanan Laut","Asia","Indonesia","Halal",,,,,,"Halal",,,,"restaurant_dandito@yahoo.co.id","1320","360",,,"1320","360",,,"1320","360",,,"1320","360",,,"1320","360",,,"1320","360",,,"1320","360",,,"3656677","https://media-cdn.tripadvisor.com/media/photo-o/08/20/72/41/dandito.jpg","false","false","-1.267871","116.880775","Dandito","531","+62 542 764367","$$ - $$$","185","2","No. 2 dari 265 restoran di Balikpapan","4","RESTAURANT","https://www.tripadvisor.co.id/Restaurant_Review-g317100-d3656677-Reviews-Dandito-Balikpapan_East_Kalimantan_Kalimantan.html","http://www.danditorestaurant.com"
"Jl. A.Yani no. 12 In front of Pacific Hotel, Balikpapan 76113 Indonesia","restaurant","Pizza",,,,,,,,,,,,,"Docjc16@gmail.com",,,,,,,,,,,,,,,,,,,,,,,,,,,,,"12442876","https://media-cdn.tripadvisor.com/media/photo-o/0f/67/89/56/beef-rendang-pizza-dari.jpg","false","false","-1.270592","116.83765","DocJC","8","+62 813-4760-9098","$$ - $$$","185","38","No. 38 dari 265 restoran di Balikpapan","5","RESTAURANT","https://www.tripadvisor.co.id/Restaurant_Review-g317100-d12442876-Reviews-DocJC-Balikpapan_East_Kalimantan_Kalimantan.html","https://www.facebook.com/DocJCRestaurant/"
"Jln. Brigjen Eri Suparjan No 2, Balikpapan 76112 Indonesia","restaurant","Italia","Eropa",,,,,,,,,,,,,"1320","480",,,"1320","480",,,"1320","480",,,"1320","480",,,"1320","480",,,"1320","480",,,"1320","480",,,"6209367","https://media-cdn.tripadvisor.com/media/photo-o/05/6c/50/7b/colors-restaurant-in.jpg","false","false","-1.27396","116.83387","Colors Restaurant, In Novotel Balikpapan","21",,"$$ - $$$","185","44","No. 44 dari 265 restoran di Balikpapan","4","RESTAURANT","https://www.tripadvisor.co.id/Restaurant_Review-g317100-d6209367-Reviews-Colors_Restaurant_In_Novotel_Balikpapan-Balikpapan_East_Kalimantan_Kalimantan.html",
"Jl. Sudirman Blok K No.6 Komplek Pasar Baru Square Lt 2, Balikpapan Indonesia","restaurant","Asia","Indonesia",,,,,,,,,,,,,,,,,,,,,,,,,,,,,,,,,,,,,,,,,"4787548","https://media-cdn.tripadvisor.com/media/photo-s/04/70/ea/62/makanan-tradisional-indonesia.jpg","false","false","-1.27708","116.82988","Kafe Betawi","27","+62 542 7582552","$$ - $$$","185","37","No. 37 dari 265 restoran di Balikpapan","3.5","RESTAURANT","https://www.tripadvisor.co.id/Restaurant_Review-g317100-d4787548-Reviews-Kafe_Betawi-Balikpapan_East_Kalimantan_Kalimantan.html","http://kafebetawi.com/outlets/balcony-balikpapan/"
"Jl. Mayjend Sutoyo, Balikpapan 76113 Indonesia","restaurant",,,,,,,,,,,,,,,,,,,,,,,,,,,,,,,,,,,,,,,,,,,"8389158","https://media-cdn.tripadvisor.com/media/photo-w/08/b0/18/59/nasi-pecel-pincuk-khas.jpg","false","false","-1.26685","116.84614","Nasi Pecel (Pincuk) Khas Madiun Pak Kumis","14",,"$","185","43","No. 43 dari 265 restoran di Balikpapan","4","RESTAURANT","https://www.tripadvisor.co.id/Restaurant_Review-g317100-d8389158-Reviews-Nasi_Pecel_Pincuk_Khas_Madiun_Pak_Kumis-Balikpapan_East_Kalimantan_Kalimantan.html",
"Jln. Jendral Sudirman, Stal Kuda, Balikpapan 76112 Indonesia","restaurant","Makanan Laut","Asia","Indonesia","Halal",,,,,,"Halal",,,,"info@toranifood.com","1440","540",,,"1440","540",,,"1440","540",,,"1440","540",,,"1440","540",,,"1440","540",,,"1440","540",,,"7225466","https://media-cdn.tripadvisor.com/media/photo-o/12/c8/f0/b8/sangat-cocok-bila-dijadikan.jpg","false","false","-1.275138","116.8653","Rumah Makan Torani","88","+62 811-5936-789","$$ - $$$","185","7","No. 7 dari 265 restoran di Balikpapan","4","RESTAURANT","https://www.tripadvisor.co.id/Restaurant_Review-g317100-d7225466-Reviews-Rumah_Makan_Torani-Balikpapan_East_Kalimantan_Kalimantan.html","http://toranifood.com"
"Jln. Jendral Sudirman, Balikpapan 76114 Indonesia","restaurant","Asia","Indonesia",,,,,,,,,,,,,,,,,,,,,,,,,,,,,,,,,,,,,,,,,"7729073","https://media-cdn.tripadvisor.com/media/photo-o/08/40/b9/22/bakso-mie-ayam-lik-min.jpg","false","false","-1.27339","116.85133","Bakso & Mie Ayam Lik Min","25",,"$","185","41","No. 41 dari 265 restoran di Balikpapan","3.5","RESTAURANT","https://www.tripadvisor.co.id/Restaurant_Review-g317100-d7729073-Reviews-Bakso_Mie_Ayam_Lik_Min-Balikpapan_East_Kalimantan_Kalimantan.html",
"Jln. Jendral Sudirman Komplek Rukan Bandar Balikpapan Blok M 18, Balikpapan 76112 Indonesia","restaurant","Makanan Laut","Asia","Indonesia","Sesuai untuk Vegetarian","Pilihan Vegan","Halal","Pilihan Bebas Gluten",,,"Sesuai untuk Vegetarian","Pilihan Vegan","Halal","Pilihan Bebas Gluten","oceans.resto@yahoo.com","1560","600",,,"1560","600",,,"1560","600",,,"1560","600",,,"1560","600",,,"1560","600",,,"1560","600",,,"1367463","https://media-cdn.tripadvisor.com/media/photo-o/04/a2/67/a8/ocean-s.jpg","false","false","-1.278338","116.83527","Ocean's","587","+62 542 739439","$$ - $$$","185","1","No. 1 dari 265 restoran di Balikpapan","4","RESTAURANT","https://www.tripadvisor.co.id/Restaurant_Review-g317100-d1367463-Reviews-Ocean_s-Balikpapan_East_Kalimantan_Kalimantan.html",
"Kelurahan Damai Jln. Puncak Marconi Indah 88, Balikpapan 76114 Indonesia","restaurant","Internasional","Mediterania","Asia","Indonesia","Halal","Sesuai untuk Vegetarian","Pilihan Vegan",,,"Halal","Sesuai untuk Vegetarian","Pilihan Vegan",,"openhousebalikpapan@gmail.com","1380","660",,,"1380","660",,,"1380","660",,,"1380","660",,,"1380","660",,,"1380","660",,,"1380","660",,,"5512802","https://media-cdn.tripadvisor.com/media/photo-o/06/4f/82/0b/open-house.jpg","false","false","-1.270107","116.85023","Open House","113","+62 542 744823","$$ - $$$","185","6","No. 6 dari 265 restoran di Balikpapan","4","RESTAURANT","https://www.tripadvisor.co.id/Restaurant_Review-g317100-d5512802-Reviews-Open_House-Balikpapan_East_Kalimantan_Kalimantan.html","http://www.mesraresto.com/open-house"
"Jl. Jendral Sudirman no. 7 Aston Balikpapan Hotel & Residence, Balikpapan 76113 Indonesia","restaurant","Restoran Steak","Kafe","Barbekyu","Kantin",,,,,,,,,,"seventhstreet.balikpapan@gmail.com","1560","1020",,,"1560","1020",,,"1560","1020",,,"1560","1020",,,"1560","1020",,,"1560","1020",,,"1560","1020",,,"9736359","https://media-cdn.tripadvisor.com/media/photo-o/0e/50/70/14/clasy-bar-place-that.jpg","false","false","-1.275859","116.84522","Seventh Street Irish","19","+62 821-5496-8203","$$ - $$$","185","42","No. 42 dari 265 restoran di Balikpapan","4","RESTAURANT","https://www.tripadvisor.co.id/Restaurant_Review-g317100-d9736359-Reviews-Seventh_Street_Irish-Balikpapan_East_Kalimantan_Kalimantan.html","https://www.facebook.com/seventhstreetbalikpapan/"
"Jln. Mulawarman, Balikpapan 76115 Indonesia","restaurant","Makanan Laut","Internasional","Eropa","Asia","Indonesia",,,,,,,,,"thebeachhousebalikpapan@gmail.com","1260","600",,,"1260","600",,,"1260","600",,,"1260","600",,,"1260","600",,,"1260","600",,,"1260","600",,,"5617471","https://media-cdn.tripadvisor.com/media/photo-o/05/d7/e3/ac/the-beach-house-balikpapan.jpg","false","false","-1.234836","116.95617","The Beach House Balikpapan","106","+62 542 772130","$$ - $$$","185","4","No. 4 dari 265 restoran di Balikpapan","4","RESTAURANT","https://www.tripadvisor.co.id/Restaurant_Review-g317100-d5617471-Reviews-The_Beach_House_Balikpapan-Balikpapan_East_Kalimantan_Kalimantan.html","http://www.mesraresto.com/the-beach-house"
"Jl. Jendral Sudirman no. 47 Mall E-Walk BSB Lantai UG No. 20 B, Balikpapan 76114 Indonesia","restaurant","Asia","Indonesia",,,,,,,,,,,,,,,,,,,,,,,,,,,,,,,,,,,,,,,,,"9742446","https://media-cdn.tripadvisor.com/media/photo-o/0a/94/4a/e0/d-jintan.jpg","false","false","-1.277344","116.83002","D'Jintan","12","+62 542 7571842","$$ - $$$","185","40","No. 40 dari 265 restoran di Balikpapan","4.5","RESTAURANT","https://www.tripadvisor.co.id/Restaurant_Review-g317100-d9742446-Reviews-D_Jintan-Balikpapan_East_Kalimantan_Kalimantan.html",
"Jl. Pandan Sari, Balikpapan Indonesia","restaurant","Cina",,,,,,,,,,,,,,,,,,,,,,,,,,,,,,,,,,,,,,,,,,"10535175","https://media-cdn.tripadvisor.com/media/photo-o/12/9b/71/e3/depot-lo-ho-kok.jpg","false","false","-1.23735","116.82566","Depot Lo Ho Kok","9",,"$$ - $$$","185","47","No. 47 dari 265 restoran di Balikpapan","4.5","RESTAURANT","https://www.tripadvisor.co.id/Restaurant_Review-g317100-d10535175-Reviews-Depot_Lo_Ho_Kok-Balikpapan_East_Kalimantan_Kalimantan.html",
"Jl. Jend. Sudirman no. 47 Balikpapan Super Block, Balikpapan 76114 Indonesia","restaurant",,,,,,,,,,,,,,"bellagio_restaurant@yahoo.com",,,,,,,,,,,,,,,,,,,,,,,,,,,,,"9818861","https://media-cdn.tripadvisor.com/media/photo-o/0a/86/a3/7c/nyaman-bangetlega-bangetfeel.jpg","false","false","-1.272973","116.85766","Bellagio Restaurant","15","+62 542 7213888","$$ - $$$","185","45","No. 45 dari 265 restoran di Balikpapan","4","RESTAURANT","https://www.tripadvisor.co.id/Restaurant_Review-g317100-d9818861-Reviews-Bellagio_Restaurant-Balikpapan_East_Kalimantan_Kalimantan.html","http://www.jatrahotels.com/grandjatra-balikpapan/dining/bellagio-restaurant"
"Jln. Jendral Sudirman Balikpapan Superblock, Balikpapan 76114 Indonesia","restaurant","Kafe","Makanan Cepat Saji",,,,,,,,,,,,,,,,,,,,,,,,,,,,,,,,,,,,,,,,,"8388283","https://media-cdn.tripadvisor.com/media/photo-o/08/4b/f9/0a/share-tea.jpg","false","false","-1.27531","116.86555","Share Tea","14",,,"185","50","No. 50 dari 265 restoran di Balikpapan","4","RESTAURANT","https://www.tripadvisor.co.id/Restaurant_Review-g317100-d8388283-Reviews-Share_Tea-Balikpapan_East_Kalimantan_Kalimantan.html",
"Jl Ahmad Yani no 1 Balikpapan Plaza Lantai 1, Balikpapan Indonesia","restaurant","Cina","Thai",,,,,,,,,,,,,,,,,,,,,,,,,,,,,,,,,,,,,,,,,"6887417","https://media-cdn.tripadvisor.com/media/photo-o/06/65/e7/53/lunch.jpg","false","false","-1.278521","116.82065","Ta Wan Restaurant","27","+62 542 7203432","$$ - $$$","185","48","No. 48 dari 265 restoran di Balikpapan","3.5","RESTAURANT","https://www.tripadvisor.co.id/Restaurant_Review-g317100-d6887417-Reviews-Ta_Wan_Restaurant-Balikpapan_East_Kalimantan_Kalimantan.html","http://tawanrestaurant.com/"
"Jl. Jendral Sudirman Balikpapan Permai blok H2 no. 5-7, Balikpapan 76114 Indonesia","restaurant",,,,,,,,,,,,,,,,,,,,,,,,,,,,,,,,,,,,,,,,,,,"11625356","https://media-cdn.tripadvisor.com/media/photo-o/0d/4c/fa/2c/dialog-coffee.jpg","false","false","-1.277295","116.83275","Dialog Coffee","11","+62 542 8861991",,"185","49","No. 49 dari 265 restoran di Balikpapan","4.5","RESTAURANT","https://www.tripadvisor.co.id/Restaurant_Review-g317100-d11625356-Reviews-Dialog_Coffee-Balikpapan_East_Kalimantan_Kalimantan.html","http://dialog.coffee"
"Jl. A.R.S. Mohammad 7 Gran Senyiur Hotel, Lantai 8, Balikpapan 76112 Indonesia","restaurant","Pub",,,,,,,,,,,,,,"1440","960",,,"1440","960",,,"1440","960",,,"1440","960",,,"1440","960",,,"1440","960",,,"1440","960",,,"6871098","https://media-cdn.tripadvisor.com/media/photo-o/06/72/64/86/sky-bar-gran-senyiur.jpg","false","false","-1.273225","116.83338","Sky Bar, Gran Senyiur Hotel","57","+62 542 820211","$$$$","185","10","No. 10 dari 265 restoran di Balikpapan","4","RESTAURANT","https://www.tripadvisor.co.id/Restaurant_Review-g317100-d6871098-Reviews-Sky_Bar_Gran_Senyiur_Hotel-Balikpapan_East_Kalimantan_Kalimantan.html","http://gran.senyiurhotels.com/restaurants/sky-bar-2/"
"Jln. Jendral Sudirman No. 47 Balikpapan Superblock Level LG, Unit 08, Balikpapan 76114 Indonesia","restaurant","Jepang","Restoran Steak","Makanan Cepat Saji","Kantin","Halal",,,,,"Halal",,,,,,,,,,,,,,,,,,,,,,,,,,,,,,,,,"9766496","https://media-cdn.tripadvisor.com/media/photo-o/0a/63/4f/77/photo0jpg.jpg","false","false","-1.277344","116.83002","Pepper Lunch","14","+62 542 8521025","$$ - $$$","185","46","No. 46 dari 265 restoran di Balikpapan","4","RESTAURANT","https://www.tripadvisor.co.id/Restaurant_Review-g317100-d9766496-Reviews-Pepper_Lunch-Balikpapan_East_Kalimantan_Kalimantan.html",
"Jl. Jend. Sudirman no. 47 Ewalk Balikpapan Superblock, Lantai Dasar, Balikpapan 76112 Indonesia","restaurant","Kafe",,,,,,,,,,,,,,"1320","600",,,"1320","600",,,"1320","600",,,"1320","600",,,"1320","600",,,"1320","600",,,"1320","600",,,"6488328","https://media-cdn.tripadvisor.com/media/photo-o/05/f0/a3/a4/starbucks-coffee.jpg","false","false","-1.277344","116.83002","Starbucks","52","+62 542 7213867","$$ - $$$","185","13","No. 13 dari 265 restoran di Balikpapan","4","RESTAURANT","https://www.tripadvisor.co.id/Restaurant_Review-g317100-d6488328-Reviews-Starbucks-Balikpapan_East_Kalimantan_Kalimantan.html",
"Jl. Jendral Sudirman 70, Balikpapan 76112 Indonesia","restaurant","Asia","Indonesia",,,,,,,,,,,,,,,,,,,,,,,,,,,,,,,,,,,,,,,,,"6489001","https://media-cdn.tripadvisor.com/media/photo-o/0d/d8/ef/94/p-20161211-121649-df.jpg","false","false","-1.277477","116.82823","Warung Tulung Agung","29","+62 542 731438","$","185","18","No. 18 dari 265 restoran di Balikpapan","4","RESTAURANT","https://www.tripadvisor.co.id/Restaurant_Review-g317100-d6489001-Reviews-Warung_Tulung_Agung-Balikpapan_East_Kalimantan_Kalimantan.html",
"Jl. Sukarno Hatta KM 50 - 52 Kecamatan Samboja Kutai Kartanegara, Balikpapan Indonesia","restaurant","Asia","Indonesia","Sesuai untuk Vegetarian",,,,,,,"Sesuai untuk Vegetarian",,,,,,,,,,,,,,,,,,,,,,,,,,,,,,,,,"8549296","https://media-cdn.tripadvisor.com/media/photo-w/08/be/5e/6b/rm-tahu-sumedang-samboja.jpg","false","false","-1.22042","116.84861","RM Tahu Sumedang Samboja","35",,"$","185","19","No. 19 dari 265 restoran di Balikpapan","4","RESTAURANT","https://www.tripadvisor.co.id/Restaurant_Review-g317100-d8549296-Reviews-RM_Tahu_Sumedang_Samboja-Balikpapan_East_Kalimantan_Kalimantan.html",
"Jl. Jenderal Soedirman no. 1 Balikpapan Plaza Lantai Dasar, Balikpapan 76114 Indonesia","restaurant",,,,,,,,,,,,,,,,,,,,,,,,,,,,,,,,,,,,,,,,,,,"8388297","https://media-cdn.tripadvisor.com/media/photo-o/08/4b/f8/5e/marugame-udon.jpg","false","false","-1.277929","116.82593","Marugame Udon","30",,"$$ - $$$","185","17","No. 17 dari 265 restoran di Balikpapan","4","RESTAURANT","https://www.tripadvisor.co.id/Restaurant_Review-g317100-d8388297-Reviews-Marugame_Udon-Balikpapan_East_Kalimantan_Kalimantan.html","https://www.marugameudon.co.id/"
"Jln. Jendral Sudirman, Balikpapan 76112 Indonesia",,"Asia","Indonesia",,,,,,,,,,,,,,,,,,,,,,,,,,,,,,,,,,,,,,,,,"1060576","https://media-cdn.tripadvisor.com/media/photo-s/04/58/20/a0/sore-hari-di-kilang-mandiri.jpg","true","true","-1.280917","116.815445","Kilang Mandiri","18",,"$$ - $$$",,,,"3.5","RESTAURANT","https://www.tripadvisor.co.id/Restaurant_Review-g317100-d1060576-Reviews-Kilang_Mandiri-Balikpapan_East_Kalimantan_Kalimantan.html",
"Jl. Jendral Sudirman no. 101 Pasar Baru, Balikpapan 76113 Indonesia","restaurant","Asia","Toko Makanan","Makanan Bakar","Indonesia","Cina","Halal",,,,"Halal",,,,,"960","420",,,,,,,,,,,,,,,,,,,,,,,,,,,"6594249","https://media-cdn.tripadvisor.com/media/photo-o/06/67/ac/2b/kedai-kopi-mantaw-canton.jpg","false","false","-1.27693","116.83909","Kedai Kopi Mantaw","47","+62 821-5420-2668","$$ - $$$","185","15","No. 15 dari 265 restoran di Balikpapan","4","RESTAURANT","https://www.tripadvisor.co.id/Restaurant_Review-g317100-d6594249-Reviews-Kedai_Kopi_Mantaw-Balikpapan_East_Kalimantan_Kalimantan.html",
"Jl. Letjen Suprapto no. 1 Bluesky Hotel, Balikpapan 76131 Indonesia","restaurant","India","Barat daya","Arab","Makanan Laut","Asia","Indonesia","Sesuai untuk Vegetarian","Pilihan Vegan","Pilihan Bebas Gluten","Sesuai untuk Vegetarian","Pilihan Vegan","Pilihan Bebas Gluten",,"info@blueskybalikpapan.com","1439","0",,,"1439","0",,,"1439","0",,,"1439","0",,,"1439","0",,,"1439","0",,,"1439","0",,,"12063927","https://media-cdn.tripadvisor.com/media/photo-o/0e/3f/ea/40/best-chinese-food-in.jpg","false","false","-1.235689","116.82591","Garden Restaurant","29","+62 542 735845","$$ - $$$","185","11","No. 11 dari 265 restoran di Balikpapan","4.5","RESTAURANT","https://www.tripadvisor.co.id/Restaurant_Review-g317100-d12063927-Reviews-Garden_Restaurant-Balikpapan_East_Kalimantan_Kalimantan.html","http://www.blueskygroups.com/en/hotels/view/3/blue-sky-hotel-balikpapan"
"Jl. Jenderal Sudirman Monumen Perjuangan Rakyat, Balikpapan Indonesia","restaurant","Makanan Laut","Asia","Indonesia",,,,,,,,,,,,"1320","600",,,"1320","600",,,"1320","600",,,"1320","600",,,"1320","600",,,"1320","600",,,"1320","600",,,"11964910","https://media-cdn.tripadvisor.com/media/photo-o/0e/41/76/bf/the-taste-is-quite-poor.jpg","false","false","-1.279581","116.822815","Restoran Biru Laut","26","+62 852-0002-1966","$$ - $$$","185","16","No. 16 dari 265 restoran di Balikpapan","4","RESTAURANT","https://www.tripadvisor.co.id/Restaurant_Review-g317100-d11964910-Reviews-Restoran_Biru_Laut-Balikpapan_East_Kalimantan_Kalimantan.html","http://www.facebook.com/pages/Laut-Biru-Resto-Balikpapan/929480093851032"
"Jln. Jendral Sudirman Ruko Bandar blok A no. 11 Klandasan, Balikpapan 76112 Indonesia","restaurant","Kafe","Internasional","Asia","Indonesia","Sesuai untuk Vegetarian","Pilihan Vegan",,,,"Sesuai untuk Vegetarian","Pilihan Vegan",,,,"1380","480",,,"1380","480",,,"1380","480",,,"1380","480",,,"1380","480",,,"1380","480",,,"1380","480",,,"7117936","https://media-cdn.tripadvisor.com/media/photo-o/0c/94/3a/81/dari-pada-bingung-cari.jpg","false","false","-1.277479","116.833885","De Cafe Resto, Pastry & Bakery","51","+62 542 739272","$$ - $$$","185","14","No. 14 dari 265 restoran di Balikpapan","4","RESTAURANT","https://www.tripadvisor.co.id/Restaurant_Review-g317100-d7117936-Reviews-De_Cafe_Resto_Pastry_Bakery-Balikpapan_East_Kalimantan_Kalimantan.html","http://www.decafe.co.id"
"Jl. Jendral Sudirman Komplek BSB Blok G no. 26-28, Balikpapan 76114 Indonesia","restaurant","Cina","Jepang","Makanan Laut",,,,,,,,,,,"itasukibalikpapan@yahoo.com","1320","540",,,"1320","660",,,"1320","660",,,"1320","660",,,"1320","660",,,"1320","660",,,"1320","660",,,"8540852","https://media-cdn.tripadvisor.com/media/photo-w/08/be/5b/d2/i-ta-suki-balikpapan.jpg","false","false","-1.277325","116.83118","I-ta Suki Balikpapan","29","+62 254 7571852","$$ - $$$","185","12","No. 12 dari 265 restoran di Balikpapan","4.5","RESTAURANT","https://www.tripadvisor.co.id/Restaurant_Review-g317100-d8540852-Reviews-I_ta_Suki_Balikpapan-Balikpapan_East_Kalimantan_Kalimantan.html","http://www.itasuki.com/about/cabang/itasuki-balikpapan"
"Jln. Letjend Suprapto No 1 Blue Sky Hotel, Balikpapan 76131 Indonesia","restaurant","Cina","Makanan Laut","Asia",,,,,,,,,,,"info@blueskybalikpapan.com","870","690","1350","1080","870","690","1350","1080","870","690","1350","1080","870","690","1350","1080","870","690","1350","1080","870","690","1350","1080","870","690","1350","1080","7387764","https://media-cdn.tripadvisor.com/media/photo-o/0e/3f/ec/b8/island-seafood-terrace.jpg","false","false","-1.238001","116.82767","Island Seafood Terrace - Blue Sky Hotel","27","+62 542 735845","$$ - $$$","185","20","No. 20 dari 265 restoran di Balikpapan","4.5","RESTAURANT","https://www.tripadvisor.co.id/Restaurant_Review-g317100-d7387764-Reviews-Island_Seafood_Terrace_Blue_Sky_Hotel-Balikpapan_East_Kalimantan_Kalimantan.html","http://www.blueskybalikpapan.com"
"Jln. Jendral Sudirman 74, Balikpapan 76112 Indonesia","restaurant","Asia","Indonesia",,,,,,,,,,,,,,,,,,,,,,,,,,,,,,,,,,,,,,,,,"8091061","https://media-cdn.tripadvisor.com/media/photo-o/08/13/ef/f7/typical-menu.jpg","false","false","-1.277775","116.82653","Bebek Goreng H. Slamet","26","+62 542 760730","$$ - $$$","185","23","No. 23 dari 265 restoran di Balikpapan","4","RESTAURANT","https://www.tripadvisor.co.id/Restaurant_Review-g317100-d8091061-Reviews-Bebek_Goreng_H_Slamet-Balikpapan_East_Kalimantan_Kalimantan.html",
"Jl. Jend. A. Yani No. 50 RT 55, Balikpapan Indonesia","restaurant","Asia","Indonesia",,,,,,,,,,,,,,,,,,,,,,,,,,,,,,,,,,,,,,,,,"6487841","https://media-cdn.tripadvisor.com/media/photo-m/1280/13/7a/ba/e1/screenshot-20180626-151416.jpg","false","false","-1.272793","116.83806","Bubur Ayam Samarinda","34","+62 542 736491","$","185","22","No. 22 dari 265 restoran di Balikpapan","4","RESTAURANT","https://www.tripadvisor.co.id/Restaurant_Review-g317100-d6487841-Reviews-Bubur_Ayam_Samarinda-Balikpapan_East_Kalimantan_Kalimantan.html",
"Jln. Jendral Sudirman No. 47 In shops surrounding E-Walk Plaza, Balikpapan 76112 Indonesia","restaurant","Italia","Eropa","Sesuai untuk Vegetarian",,,,,,,"Sesuai untuk Vegetarian",,,,,,,,,,,,,,,,,,,,,,,,,,,,,,,,,"7745800","https://media-cdn.tripadvisor.com/media/photo-o/07/b4/b2/b8/seafood-plater.jpg","false","false","-1.274517","116.859314","Pasta Cielo","32","+62 851-0007-2825","$$ - $$$","185","21","No. 21 dari 265 restoran di Balikpapan","4","RESTAURANT","https://www.tripadvisor.co.id/Restaurant_Review-g317100-d7745800-Reviews-Pasta_Cielo-Balikpapan_East_Kalimantan_Kalimantan.html",
